gene_id,gene,log2fc,pvalue,fdr,tumor_mean_cpm,normal_mean_cpm,direction
ENSG00000130300,PLVAP,4.40400558140214,1.6002667201939822e-05,0.04034232878171676,139.05885874361945,5.6156542847559106,up
ENSG00000147113,DIPK2B,2.392171121450179,8.38488038621121e-05,0.049635146599895645,8.962722803045986,0.8978539347789208,up
ENSG00000204315,FKBPL,1.081731792679667,3.4486194303662435e-05,0.049635146599895645,6.500985857098916,2.5439258764422403,up
ENSG00000130520,LSM4,1.2736969007547292,7.558885724188527e-05,0.049635146599895645,73.48736386689806,29.80786710431415,up
ENSG00000125966,MMP24,1.3945152900745523,8.409551103658448e-05,0.049635146599895645,2.5331431527804624,0.3439103617545365,up
ENSG00000148300,REXO4,1.0522695427305773,7.3174193053152e-05,0.049635146599895645,24.07364323312305,11.090736214850224,up
ENSG00000183287,CCBE1,-2.307938634344945,6.837923279621155e-06,0.0344129885585734,0.4692767404670709,6.275491884242896,down
ENSG00000150625,GPM6A,-2.217270992963484,4.750380980310746e-06,0.0344129885585734,0.5478615739754662,6.197757261086062,down
ENSG00000091622,PITPNM3,-1.8223417242142006,5.875695577579521e-06,0.0344129885585734,0.4486862291784298,4.123347966378588,down
ENSG00000164100,NDST3,-1.1472227603329022,9.488974410053331e-06,0.0358161339107463,0.11065067315826968,1.4599481129233183,down
ENSG00000189337,KAZN,-1.197504085709329,1.6032187885170257e-05,0.04034232878171676,1.2297179725786482,4.113692205927625,down
ENSG00000274736,CCL23,-1.0784948389189277,6.328877441618428e-05,0.049635146599895645,0.2941133510508576,1.7329495480647075,down
ENSG00000165682,CLEC1B,-2.9913487598153012,4.542118185584201e-05,0.049635146599895645,0.4368472524709114,10.426054890167539,down
ENSG00000164161,HHIP,-2.933071393801471,3.298433495479957e-05,0.049635146599895645,0.7538996318401641,12.395138422912286,down
ENSG00000138744,NAAA,-1.0865405238466166,4.063255647968229e-05,0.049635146599895645,16.52115949342499,36.2086687527069,down
ENSG00000177707,NECTIN3,-1.0253436755781435,6.926755056971891e-05,0.049635146599895645,10.24100687451657,21.88044230572843,down
ENSG00000185652,NTF3,-1.8122385588683854,3.0779004231960205e-05,0.049635146599895645,0.4231137403934082,3.9977873950236416,down
ENSG00000145850,TIMD4,-2.4695835855256187,5.921242774329838e-05,0.049635146599895645,0.2774583784462793,6.075636198645508,down
