compound,configurations_present,top_k_frequency,evaluated_configurations,mean_rank,rank_sd,baseline,relaxed,multi-context,stringent
PLX-4720,3,3,4,3.3333333333333335,1.8856180831641267,6.0,2,2.0,
AZD-8330,3,3,4,6.0,4.08248290463863,11.0,1,6.0,
selumetinib,3,3,4,6.333333333333333,6.18241233033047,3.0,15,1.0,
CP-724714,3,3,4,7.666666666666667,4.109609335312651,7.0,13,3.0,
palbociclib,3,3,4,10.666666666666666,4.109609335312651,16.0,6,10.0,
PD-184352,3,3,4,13.0,4.898979485566356,19.0,7,13.0,
lapatinib,3,3,4,14.0,2.449489742783178,17.0,14,11.0,
MLN-8054,2,2,4,9.5,7.5,2.0,17,,
trametinib,3,2,4,16.333333333333332,8.65383665716478,26.0,5,18.0,
dinaciclib,4,2,4,27.0,21.908902300206645,59.0,11,35.0,3.0
NU-7441,3,2,4,27.666666666666668,25.772509040103607,12.0,64,7.0,
gefitinib,3,2,4,28.666666666666668,30.00370347510824,10.0,71,5.0,
mocetinostat,3,2,4,40.0,47.42010825237187,9.0,107,4.0,
SB590885,3,2,4,52.666666666666664,53.32499934885659,18.0,128,12.0,
XMD16-144,3,2,4,59.333333333333336,69.09092238171057,13.0,157,8.0,
JNK-9L,3,2,4,64.66666666666667,74.52218163443388,15.0,170,9.0,
np-003021,1,1,4,10.0,0.0,,10,,
BRD-K02641134,1,1,4,16.0,0.0,,16,,
KIN001-127,2,1,4,17.5,13.5,31.0,4,,
BRD-A85891951,1,1,4,18.0,0.0,,18,,
niridazole,1,1,4,19.0,0.0,,19,,
EX-527,2,1,4,20.5,17.5,38.0,3,,
imatinib,2,1,4,22.5,14.5,37.0,8,,
WZ-3105,3,1,4,22.666666666666668,7.363574011458174,22.0,32,14.0,
AS-605240,3,1,4,23.666666666666668,7.363574011458174,23.0,33,15.0,
TGX-221,2,1,4,27.0,15.0,42.0,12,,
TG-101348,3,1,4,27.333333333333332,6.944222218666553,27.0,36,19.0,
PD-0325901,4,1,4,32.25,19.279198634798075,49.0,49,29.0,2.0
PI-103,3,1,4,32.666666666666664,16.81930108205715,25.0,56,17.0,
vemurafenib,2,1,4,40.5,39.5,1.0,80,,
LDN-193189,3,1,4,41.666666666666664,27.824849006278942,77.0,9,39.0,
dovitinib,2,1,4,42.0,22.0,64.0,20,,
PF-431396,2,1,4,44.0,40.0,4.0,84,,
linifanib,3,1,4,68.66666666666667,68.90250761442253,24.0,166,16.0,
BMS-345541,3,1,4,90.0,92.70382947861431,29.0,221,20.0,
CGP-60474,4,1,4,90.0,71.50174823037545,198.0,62,99.0,1.0
regorafenib,2,1,4,100.0,86.0,14.0,186,,
GDC-0879,2,1,4,101.0,81.0,20.0,182,,
ponatinib,2,1,4,147.0,142.0,5.0,289,,
RAF 265,2,1,4,486.0,478.0,8.0,964,,
dorsomorphin dihydrochloride,4,1,4,562.75,579.1534231099735,503.0,1518,226.0,4.0
PHA-665752,2,0,4,21.5,0.5,21.0,22,,
mometasone furoate,1,0,4,25.0,0.0,,25,,
AKT-inhibitor-1-2,1,0,4,26.0,0.0,,26,,
GSK-2334470,1,0,4,27.0,0.0,,27,,
HG-14-8-02,1,0,4,29.0,0.0,,29,,
BRD-K11671649,1,0,4,30.0,0.0,,30,,
chlorprothixene hydrochloride,1,0,4,31.0,0.0,,31,,
NVP-BEZ235,3,0,4,32.0,8.981462390204987,32.0,43,21.0,
KI20227,1,0,4,34.0,0.0,,34,,
BRD-K88832793,1,0,4,35.0,0.0,,35,,
GSK-2126458,3,0,4,36.666666666666664,8.259674462242579,43.0,42,25.0,
"l-ornithine, n5-[imino(methylamino)methyl]-[cas]",1,0,4,37.0,0.0,,37,,
HG-5-113-01,3,0,4,38.0,13.140268896284683,36.0,55,23.0,
PF 573228,1,0,4,38.0,0.0,,38,,
GDC-0980,3,0,4,39.0,9.273618495495704,44.0,47,26.0,
ei-231,1,0,4,39.0,0.0,,39,,
BRD-A96272097,1,0,4,41.0,0.0,,41,,
GSK-690693,3,0,4,42.0,10.198039027185569,46.0,52,28.0,
JWE-035,2,0,4,44.0,4.0,48.0,40,,
buparlisib,1,0,4,44.0,0.0,,44,,
BRD-K02646507,1,0,4,45.0,0.0,,45,,
BRD-A80383043,1,0,4,46.0,0.0,,46,,
cgs 12066b,1,0,4,50.0,0.0,,50,,
erlotinib,3,0,4,50.333333333333336,26.398653164297773,85.0,21,45.0,
WZ-4-145,3,0,4,50.666666666666664,32.42769735204082,34.0,96,22.0,
clofibric acid,1,0,4,51.0,0.0,,51,,
BI-2536,3,0,4,52.333333333333336,15.627610892974722,55.0,70,32.0,
pracinostat,3,0,4,53.666666666666664,19.223827807061618,52.0,78,31.0,
GSK1059615,1,0,4,54.0,0.0,,54,,
BIX-01294,2,0,4,56.5,32.5,89.0,24,,
BRD-K11540476,1,0,4,57.0,0.0,,57,,
iniparib,1,0,4,58.0,0.0,,58,,
hydrocortisone,1,0,4,61.0,0.0,,61,,
BRD-K31754360,1,0,4,63.0,0.0,,63,,
BRD-K60093216,1,0,4,65.0,0.0,,65,,
SU-11274,1,0,4,66.0,0.0,,66,,
torin-2,3,0,4,66.33333333333333,18.660713336371206,78.0,81,40.0,
AZD7762,1,0,4,67.0,0.0,,67,,
st4049616,1,0,4,68.0,0.0,,68,,
BMS-387032,3,0,4,69.66666666666667,53.01781671182706,41.0,144,24.0,
HG-9-91-01,2,0,4,71.5,3.5,68.0,75,,
ei-232,3,0,4,72.0,42.66927075386533,127.0,23,66.0,
BRD-K03122949,2,0,4,73.5,0.5,74.0,73,,
(+)-JQ1,3,0,4,74.0,54.24020648928247,45.0,150,27.0,
raf1 kinase inhibitor i,1,0,4,74.0,0.0,,74,,
WYE-125132,3,0,4,75.0,44.14370472294625,56.0,136,33.0,
GDC-0941,3,0,4,75.33333333333333,20.499322482029065,103.0,69,54.0,
NVP-TAE684,3,0,4,75.66666666666667,29.780679792256066,117.0,48,62.0,
gmx-1778,1,0,4,77.0,0.0,,77,,
entinostat,3,0,4,79.66666666666667,20.49932248202906,101.0,86,52.0,
foretinib,2,0,4,80.5,22.5,58.0,103,,
ncgc00242557-01,1,0,4,82.0,0.0,,82,,
PF-562271,3,0,4,84.0,24.166091947189145,98.0,104,50.0,
PIK-93,3,0,4,84.33333333333333,28.452689777164398,90.0,116,47.0,
chelerythrine chloride,3,0,4,85.66666666666667,39.47432358156656,79.0,137,41.0,
cefotaxime,1,0,4,87.0,0.0,,87,,
BRD-U74615290,1,0,4,88.0,0.0,,88,,
XMD-885,1,0,4,89.0,0.0,,89,,
mitoxantrone,3,0,4,89.66666666666667,27.86076492528915,129.0,72,68.0,
BRD-K64525051,1,0,4,90.0,0.0,,90,,
GW-5074,2,0,4,90.0,57.0,33.0,147,,
linolenic acid (18:3 n-3),1,0,4,91.0,0.0,,91,,
BRD-K72703948,1,0,4,92.0,0.0,,92,,
tanespimycin,3,0,4,92.33333333333333,61.57019480957396,63.0,178,36.0,
ncgc00182353-01,1,0,4,94.0,0.0,,94,,
tyrphostin 46,1,0,4,95.0,0.0,,95,,
BRD-K07395346,1,0,4,97.0,0.0,,97,,
pd 166793,1,0,4,98.0,0.0,,98,,
BRD-K69569876,1,0,4,100.0,0.0,,100,,
BRD-K52914903,1,0,4,101.0,0.0,,101,,
JW55,1,0,4,102.0,0.0,,102,,
ZSTK-474,3,0,4,105.0,28.331372481167705,123.0,127,65.0,
rocilinostat,1,0,4,106.0,0.0,,106,,
psh 024,1,0,4,108.0,0.0,,108,,
canertinib,3,0,4,108.66666666666667,89.82328329682801,57.0,235,34.0,
fenofibrate,1,0,4,110.0,0.0,,110,,
AZD-8055,3,0,4,110.66666666666667,39.262648351270904,166.0,79,87.0,
fluticasone propionate,1,0,4,111.0,0.0,,111,,
np-004007,1,0,4,113.0,0.0,,113,,
OTSSP167,1,0,4,114.0,0.0,,114,,
XMD-1150,3,0,4,114.33333333333333,82.5523402992846,76.0,229,38.0,
isoquercitrin,1,0,4,117.0,0.0,,117,,
tropisetron hcl,1,0,4,118.0,0.0,,118,,
sutent,1,0,4,119.0,0.0,,119,,
PHA-793887,3,0,4,119.66666666666667,58.425641250700494,199.0,60,100.0,
6-azauridine,1,0,4,120.0,0.0,,120,,
BRD-K13810148,2,0,4,120.5,51.5,69.0,172,,
sr-95639a,1,0,4,121.0,0.0,,121,,
AS-601245,1,0,4,122.0,0.0,,122,,
XMD11-85H,2,0,4,122.5,92.5,30.0,215,,
ON-01910,1,0,4,124.0,0.0,,124,,
dasatinib,3,0,4,124.33333333333333,118.86780706127104,51.0,292,30.0,
BRD-K34711351,1,0,4,125.0,0.0,,125,,
pelitinib,3,0,4,125.66666666666667,58.15114406059055,114.0,202,61.0,
OSI-027,3,0,4,126.33333333333333,37.959042254631356,179.0,109,91.0,
BRD-A57107094,2,0,4,127.5,56.5,71.0,184,,
AZD4547,3,0,4,127.66666666666667,32.396844839514166,165.0,132,86.0,
benzethonium chloride,2,0,4,128.5,13.5,142.0,115,,
neratinib,3,0,4,130.66666666666666,53.890836161839445,206.0,83,103.0,
BRD-K20401833,1,0,4,131.0,0.0,,131,,
BRD-K87426499,1,0,4,133.0,0.0,,133,,
KIN001-265,2,0,4,133.5,28.5,162.0,105,,
BMS509744,1,0,4,134.0,0.0,,134,,
BRD-K16057611,1,0,4,135.0,0.0,,135,,
Y-39983,2,0,4,135.0,95.0,40.0,230,,
nnc 26-9100,1,0,4,138.0,0.0,,138,,
alvocidib,3,0,4,138.33333333333334,36.16935473881477,177.0,148,90.0,
genistin,1,0,4,139.0,0.0,,139,,
ibrutinib,1,0,4,141.0,0.0,,141,,
BYL719,1,0,4,142.0,0.0,,142,,
QL-X-138,3,0,4,142.0,45.43860326491855,155.0,190,81.0,
BRD-K89209981,1,0,4,143.0,0.0,,143,,
bosutinib,1,0,4,145.0,0.0,,145,,
DCC-2036,2,0,4,146.0,87.0,233.0,59,,
methylstat,3,0,4,146.0,38.60915262818736,190.0,152,96.0,
sunitinib,1,0,4,146.0,0.0,,146,,
torin-1,3,0,4,149.66666666666666,51.69998925424346,157.0,209,83.0,
GSK-461364,2,0,4,150.0,97.0,247.0,53,,
BRD-K03857568,2,0,4,150.5,56.5,94.0,207,,
methyl benzethonium chloride,2,0,4,150.5,1.5,152.0,149,,
sr 57227 hydrochloride,1,0,4,151.0,0.0,,151,,
beclomethasone dipropionate,1,0,4,153.0,0.0,,153,,
rifabutin,1,0,4,154.0,0.0,,154,,
BRD-K19724398,3,0,4,154.66666666666666,117.14473478944281,97.0,318,49.0,
nrb 04155,1,0,4,155.0,0.0,,155,,
NVP-AUY922,3,0,4,155.66666666666666,120.56625656551762,95.0,324,48.0,
BRD-K85275009,1,0,4,156.0,0.0,,156,,
BRD-K36038115,1,0,4,158.0,0.0,,158,,
dihydroergocristine,1,0,4,159.0,0.0,,159,,
BRD-K79779816,1,0,4,160.0,0.0,,160,,
bisacodyl,2,0,4,160.0,100.0,60.0,260,,
BRD-K79459005,1,0,4,162.0,0.0,,162,,
BRD-K74486276,3,0,4,162.33333333333334,101.46373188922675,121.0,302,64.0,
BRD-K88708949,1,0,4,163.0,0.0,,163,,
s1040,2,0,4,163.0,79.0,84.0,242,,
belinostat,3,0,4,164.33333333333334,82.76204175559926,275.0,76,142.0,
iodophenpropit dihydrobromide,1,0,4,165.0,0.0,,165,,
dichlorobenzamil,2,0,4,165.5,17.5,148.0,183,,
BRD-K19166598,2,0,4,166.0,70.0,96.0,236,,
cgp 71683 hydrochloride,3,0,4,167.66666666666666,143.39301083231203,88.0,369,46.0,
BRD-K61776140,3,0,4,168.0,49.926612809869916,195.0,211,98.0,
BRD-A82197375,1,0,4,169.0,0.0,,169,,
fu jmbii127b,1,0,4,171.0,0.0,,171,,
XMD-892,3,0,4,172.0,166.11441839888553,73.0,406,37.0,
ncgc00182388-01,1,0,4,174.0,0.0,,174,,
benzamil hydrochloride,1,0,4,175.0,0.0,,175,,
alclometazone dipropionate,1,0,4,177.0,0.0,,177,,
AZD-7762,3,0,4,177.66666666666666,165.71930753200994,80.0,411,42.0,
MK-2206,3,0,4,178.33333333333334,88.38300490227493,297.0,85,153.0,
BRD-K32582686,1,0,4,179.0,0.0,,179,,
BRD-K14704318,1,0,4,180.0,0.0,,180,,
JNK-IN-5A,3,0,4,180.33333333333334,49.2634640366356,244.0,173,124.0,
BRD-K16180117,1,0,4,181.0,0.0,,181,,
I-BET151,3,0,4,181.33333333333334,139.9150535940369,109.0,377,58.0,
A443654,3,0,4,185.0,119.30074042799008,133.0,350,72.0,
meprylcaine hydrochloride,1,0,4,185.0,0.0,,185,,
BRD-K12105018,2,0,4,187.0,5.0,182.0,192,,
BRD-K93605482,1,0,4,187.0,0.0,,187,,
ncgc00183691-01,1,0,4,188.0,0.0,,188,,
AST1306,1,0,4,189.0,0.0,,189,,
withaferin-a,3,0,4,189.66666666666666,71.36914988673716,290.0,130,149.0,
donepezil hydrochloride,1,0,4,191.0,0.0,,191,,
azacitidine,3,0,4,193.0,71.386273190299,203.0,275,101.0,
mead ethanolamide,1,0,4,193.0,0.0,,193,,
ei-195,2,0,4,193.5,64.5,258.0,129,,
BX-795,1,0,4,194.0,0.0,,194,,
tozasertib,1,0,4,195.0,0.0,,195,,
BRD-K82580504,2,0,4,196.0,51.0,145.0,247,,
NVP-AEW541,1,0,4,196.0,0.0,,196,,
QL-XII-47,3,0,4,196.0,60.41522986797286,281.0,161,146.0,
ly 320135,1,0,4,198.0,0.0,,198,,
3-methyladenine,1,0,4,199.0,0.0,,199,,
wr 216174,1,0,4,200.0,0.0,,200,,
garcinol,1,0,4,203.0,0.0,,203,,
AZD-5438,3,0,4,204.0,66.1261420821347,227.0,271,114.0,
vu0415556-1,1,0,4,204.0,0.0,,204,,
t0516-4420,1,0,4,205.0,0.0,,205,,
AZ-628,3,0,4,205.33333333333334,70.39570693980959,222.0,282,112.0,
sulfaguanidine,1,0,4,206.0,0.0,,206,,
BRD-K18724229,3,0,4,206.66666666666666,136.72681603190438,146.0,396,78.0,
BRD-K67742177,1,0,4,208.0,0.0,,208,,
BRD-K93578426,1,0,4,210.0,0.0,,210,,
rp1782780025,1,0,4,212.0,0.0,,212,,
s1030,3,0,4,212.66666666666666,195.01168056184625,100.0,487,51.0,
BRD-U37049823,1,0,4,213.0,0.0,,213,,
flavokawain b,1,0,4,214.0,0.0,,214,,
BRD-A94377914,3,0,4,214.33333333333334,91.5253456092294,209.0,329,105.0,
BRD-K18726304,3,0,4,214.33333333333334,66.41954197038365,241.0,279,123.0,
BRD-K47635719 (dexamethasone acetate),2,0,4,215.0,42.0,173.0,257,,
pha 665752,2,0,4,215.0,180.0,35.0,395,,
ncgc00182837-01,1,0,4,216.0,0.0,,216,,
JW-7-24-1,3,0,4,217.0,58.72534943843814,261.0,256,134.0,
celastrol,3,0,4,217.0,60.13872850889572,257.0,262,132.0,
ru 24969,1,0,4,217.0,0.0,,217,,
AT-7519,3,0,4,218.0,56.089214649520635,273.0,240,141.0,
BRD-K02458594,1,0,4,218.0,0.0,,218,,
PFI-1,3,0,4,218.0,192.753728887407,108.0,489,57.0,
ku 0060648 trihydrochloride,3,0,4,218.33333333333334,169.89081461011625,130.0,456,69.0,
ptb1,1,0,4,219.0,0.0,,219,,
ag 9,2,0,4,219.5,34.5,185.0,254,,
BRD-K85660637,1,0,4,220.0,0.0,,220,,
pac 1,3,0,4,220.33333333333334,184.97987878565482,118.0,480,63.0,
kynuramine,1,0,4,222.0,0.0,,222,,
BRD-K12002134,1,0,4,223.0,0.0,,223,,
ncgc00238536-01,1,0,4,224.0,0.0,,224,,
BRD-K10649245,1,0,4,225.0,0.0,,225,,
gw 5074,2,0,4,225.5,61.5,164.0,287,,
sb 258585 hydrochloride,1,0,4,226.0,0.0,,226,,
suloctidil,3,0,4,226.33333333333334,170.77340412240883,139.0,465,75.0,
ncgc00166395-02,1,0,4,227.0,0.0,,227,,
GSK-J4,1,0,4,228.0,0.0,,228,,
BRD-K28100108,2,0,4,228.5,161.5,67.0,390,,
BRD-K75128590,1,0,4,232.0,0.0,,232,,
vu0415108-1,1,0,4,233.0,0.0,,233,,
1495-0136,2,0,4,233.5,110.5,344.0,123,,
BRD-K66359319,1,0,4,234.0,0.0,,234,,
AZD-6482,2,0,4,234.5,141.5,376.0,93,,
ncgc00182913-03,2,0,4,235.5,34.5,270.0,201,,
ncgc00183913-01,1,0,4,237.0,0.0,,237,,
BRD-K31851742,1,0,4,238.0,0.0,,238,,
BRD-K86086851,1,0,4,239.0,0.0,,239,,
prima-1 met,2,0,4,239.5,173.5,66.0,413,,
clobetasol propionate,2,0,4,240.0,43.0,197.0,283,,
h7270,3,0,4,240.33333333333334,182.20379310602243,147.0,495,79.0,
XMD-1499,1,0,4,241.0,0.0,,241,,
BRD-A62809825,3,0,4,243.33333333333334,150.30265762417142,187.0,449,94.0,
granisetron,1,0,4,244.0,0.0,,244,,
kuc104487 kuc104487n,1,0,4,245.0,0.0,,245,,
BRD-K24705176,1,0,4,246.0,0.0,,246,,
ncgc00012852-02,1,0,4,248.0,0.0,,248,,
BRD-K48950795,1,0,4,249.0,0.0,,249,,
ribavirin,1,0,4,250.0,0.0,,250,,
MK-1775,3,0,4,251.33333333333334,201.68347037430263,143.0,534,77.0,
dau 5884 hydrochloride,1,0,4,253.0,0.0,,253,,
PF-3758309,3,0,4,253.33333333333334,118.55331665073267,417.0,140,203.0,
NPK76-II-72-1,1,0,4,255.0,0.0,,255,,
mevastatin,3,0,4,256.3333333333333,118.21261448010624,239.0,409,121.0,
sew 05685,1,0,4,258.0,0.0,,258,,
cam-9-026 brd-k91442916,2,0,4,258.5,45.5,213.0,304,,
BRD-A75931230,3,0,4,259.0,72.07403600927776,351.0,251,175.0,
s1085,2,0,4,260.0,59.0,201.0,319,,
BRD-K64606589,3,0,4,260.3333333333333,227.4061466969518,131.0,580,70.0,
uzi/1930680,1,0,4,261.0,0.0,,261,,
CGK-733,3,0,4,261.6666666666667,78.96975511056257,370.0,231,184.0,
radicicol,3,0,4,262.3333333333333,193.3913705991615,167.0,532,88.0,
BRD-K86269644,1,0,4,263.0,0.0,,263,,
tivantinib,2,0,4,263.5,88.5,175.0,352,,
milrinone,1,0,4,264.0,0.0,,264,,
r3904,1,0,4,265.0,0.0,,265,,
karakoline,1,0,4,266.0,0.0,,266,,
herniarin,1,0,4,268.0,0.0,,268,,
ketorolac tromethamine,1,0,4,269.0,0.0,,269,,
nintedanib,2,0,4,269.5,241.5,511.0,28,,
AT7867,2,0,4,270.0,92.0,178.0,362,,
selinidin,1,0,4,270.0,0.0,,270,,
AZ20,3,0,4,271.0,88.73556220591607,296.0,365,152.0,
t018500,1,0,4,272.0,0.0,,272,,
BRD-K83972459,1,0,4,273.0,0.0,,273,,
ag 592,2,0,4,273.0,245.0,28.0,518,,
st019365,1,0,4,274.0,0.0,,274,,
BRD-K75081836,3,0,4,274.3333333333333,245.6886014630896,132.0,620,71.0,
km 00927,3,0,4,275.6666666666667,134.41808740724673,249.0,452,126.0,
BRD-K11611839,1,0,4,276.0,0.0,,276,,
homatropine bromide,1,0,4,277.0,0.0,,277,,
gr-207,1,0,4,278.0,0.0,,278,,
saracatinib,3,0,4,278.0,181.61497735594386,204.0,528,102.0,
INK-128,3,0,4,279.3333333333333,203.22456107031508,183.0,562,93.0,
h-5832,1,0,4,280.0,0.0,,280,,
methotrexate,1,0,4,281.0,0.0,,281,,
BRD-K53308430,3,0,4,281.6666666666667,134.72523478876883,256.0,458,131.0,
fluprostenol,2,0,4,282.0,111.0,171.0,393,,
BRD-K55612480,2,0,4,283.0,171.0,454.0,112,,
BRD-K83691318,1,0,4,284.0,0.0,,284,,
norethynodrel,2,0,4,285.5,141.5,144.0,427,,
np-006304,1,0,4,286.0,0.0,,286,,
gtp 14564,2,0,4,287.5,113.5,174.0,401,,
pz0004,2,0,4,287.5,119.5,407.0,168,,
BRD-A31107743,3,0,4,288.0,295.5413112691129,104.0,705,55.0,
tramadol,1,0,4,288.0,0.0,,288,,
yc-1,1,0,4,290.0,0.0,,290,,
cyclopiazonic acid,2,0,4,290.5,220.5,70.0,511,,
CTB,1,0,4,291.0,0.0,,291,,
BRD-K72381041,1,0,4,293.0,0.0,,293,,
hy-11066,3,0,4,293.3333333333333,173.6996129977138,232.0,530,118.0,
BRD-K70714754,1,0,4,295.0,0.0,,295,,
np-007374,1,0,4,296.0,0.0,,296,,
BRD-K58547240,1,0,4,297.0,0.0,,297,,
eo 1428,1,0,4,298.0,0.0,,298,,
malonoben,3,0,4,298.0,102.2285022225537,318.0,412,164.0,
delta1-hydrocortisone 21-hemisuccinate,1,0,4,299.0,0.0,,299,,
BRD-K56593336,1,0,4,301.0,0.0,,301,,
chaetocin,3,0,4,302.3333333333333,203.9024821384532,215.0,584,108.0,
12k-516s,1,0,4,303.0,0.0,,303,,
hts 12526,1,0,4,305.0,0.0,,305,,
ftt,1,0,4,306.0,0.0,,306,,
CC-401,1,0,4,307.0,0.0,,307,,
perphenazine,1,0,4,308.0,0.0,,308,,
BRD-K69406317,1,0,4,309.0,0.0,,309,,
quercetin,1,0,4,310.0,0.0,,310,,
BRD-K25731886,1,0,4,311.0,0.0,,311,,
hy-50878,1,0,4,312.0,0.0,,312,,
C646,2,0,4,312.5,186.5,499.0,126,,
BRD-K81609421,1,0,4,313.0,0.0,,313,,
trichostatin a,3,0,4,313.0,156.11747713394124,276.0,520,143.0,
na-tosyl-phe chloromethyl ketone,1,0,4,314.0,0.0,,314,,
afatinib,3,0,4,314.3333333333333,113.04964494514002,473.0,252,218.0,
blebbistatin,1,0,4,316.0,0.0,,316,,
bi 2536,3,0,4,316.3333333333333,280.701898026279,156.0,711,82.0,
nefazodone hydrochloride,1,0,4,317.0,0.0,,317,,
s1095,1,0,4,320.0,0.0,,320,,
fludrocortisone acetate,1,0,4,322.0,0.0,,322,,
e6 berbamine,1,0,4,323.0,0.0,,323,,
BRD-K44241590,1,0,4,325.0,0.0,,325,,
kuc104495 kuc104495n,1,0,4,326.0,0.0,,326,,
BRD-K33164466,2,0,4,326.5,12.5,314.0,339,,
phensuximide,1,0,4,327.0,0.0,,327,,
jte 013,1,0,4,328.0,0.0,,328,,
(-)-JQ1,1,0,4,330.0,0.0,,330,,
thm-i-94,3,0,4,330.6666666666667,197.2719499123538,259.0,600,133.0,
BRD-K33720404,1,0,4,331.0,0.0,,331,,
s1039,1,0,4,332.0,0.0,,332,,
ntncb hydrochloride,2,0,4,333.5,113.5,220.0,447,,
BRD-K08451418,1,0,4,334.0,0.0,,334,,
BRD-K25536815,1,0,4,335.0,0.0,,335,,
linsitinib,2,0,4,335.0,50.0,385.0,285,,
UNC0638,2,0,4,336.0,172.0,508.0,164,,
kenpaullone,1,0,4,336.0,0.0,,336,,
BRD-K71835137,1,0,4,337.0,0.0,,337,,
a112550.cdx,1,0,4,338.0,0.0,,338,,
"ici-185,282",1,0,4,340.0,0.0,,340,,
dequalinium dichloride,1,0,4,341.0,0.0,,341,,
flurandrenolide,1,0,4,342.0,0.0,,342,,
BRD-K96405393,1,0,4,344.0,0.0,,344,,
QL-XI-92,3,0,4,344.3333333333333,138.00080515063027,347.0,512,174.0,
paroxetine hydrochloride,2,0,4,344.5,121.5,223.0,466,,
vinpocetine,1,0,4,345.0,0.0,,345,,
ALW-II-38-3,1,0,4,346.0,0.0,,346,,
sb 218078,3,0,4,346.3333333333333,299.61790482027084,180.0,767,92.0,
nnc 55-0396 dihydrochloride,1,0,4,347.0,0.0,,347,,
NVP-BGT226,3,0,4,347.6666666666667,256.6675324660722,701.0,99,243.0,
hy-11006,1,0,4,348.0,0.0,,348,,
cyclosporin a,2,0,4,348.5,261.5,87.0,610,,
promazine hydrochloride,1,0,4,349.0,0.0,,349,,
BRD-K41220170,1,0,4,351.0,0.0,,351,,
BRD-K70871370,1,0,4,353.0,0.0,,353,,
hdac6 inhibitor isox,3,0,4,353.6666666666667,129.72877689840277,373.0,502,186.0,
np-004102,1,0,4,354.0,0.0,,354,,
GSK-J2,1,0,4,355.0,0.0,,355,,
toltrazuril,1,0,4,356.0,0.0,,356,,
s1169,2,0,4,356.5,69.5,287.0,426,,
BRD-K32896438,3,0,4,358.0,308.5222844463589,188.0,791,95.0,
sorafenib,2,0,4,358.5,195.5,163.0,554,,
ossk 645668,1,0,4,359.0,0.0,,359,,
BRD-K64517075,3,0,4,359.3333333333333,360.57115186264633,136.0,868,74.0,
BRD-K68202742 (trichostatin a),3,0,4,359.6666666666667,181.58071361120804,315.0,601,163.0,
KU-60019,1,0,4,360.0,0.0,,360,,
chlorpromazine,1,0,4,361.0,0.0,,361,,
BRD-K95196255,2,0,4,362.5,111.5,251.0,474,,
BRD-A41250203,2,0,4,363.0,182.0,181.0,545,,
BRD-K00486725,1,0,4,363.0,0.0,,363,,
vorinostat,3,0,4,363.0,113.55175031676086,423.0,462,204.0,
arvanil,1,0,4,364.0,0.0,,364,,
BRD-K23478508 (digoxin),3,0,4,364.3333333333333,276.5819147297154,228.0,750,115.0,
BRD-K05649647,3,0,4,365.0,288.29267536076367,217.0,768,110.0,
BRD-K03829970,3,0,4,365.6666666666667,232.144112328719,272.0,685,140.0,
bucladesine,1,0,4,366.0,0.0,,366,,
spb02303,2,0,4,366.0,273.0,93.0,639,,
epitestosterone,1,0,4,367.0,0.0,,367,,
GSK-1070916,2,0,4,367.5,191.5,176.0,559,,
KIN001-220,2,0,4,367.5,108.5,476.0,259,,
securinine,1,0,4,368.0,0.0,,368,,
hydrocortisone valerate,1,0,4,370.0,0.0,,370,,
BRD-K39944607,3,0,4,371.3333333333333,437.0463997741608,82.0,989,43.0,
penitrem a,1,0,4,372.0,0.0,,372,,
"betamethasone 17,21-dipropionate",1,0,4,373.0,0.0,,373,,
cycloheximide,3,0,4,373.0,260.3164740593009,255.0,734,130.0,
BRD-K50384076,1,0,4,374.0,0.0,,374,,
ryuvidine,2,0,4,374.5,122.5,252.0,497,,
kuc103875 kuc103875n,1,0,4,375.0,0.0,,375,,
BRD-K41859756,3,0,4,375.6666666666667,112.09916245102913,475.0,433,219.0,
phenolphthalein,1,0,4,376.0,0.0,,376,,
vandetanib,1,0,4,378.0,0.0,,378,,
BRD-K68174511,2,0,4,379.0,46.0,425.0,333,,
I-BET,3,0,4,379.0,239.95416228938393,716.0,176,245.0,
bay 36-7620,1,0,4,379.0,0.0,,379,,
CP466722,1,0,4,380.0,0.0,,380,,
necrostatin-1,2,0,4,381.0,188.0,193.0,569,,
y27632,1,0,4,381.0,0.0,,381,,
BRD-K17140735,3,0,4,381.3333333333333,418.2035655302597,112.0,972,60.0,
BRD-K64857848,1,0,4,382.0,0.0,,382,,
sb 269970 hydrochloride,1,0,4,383.0,0.0,,383,,
quinacrine dihydrochloride dihydrate,3,0,4,383.6666666666667,433.44690819317447,102.0,996,53.0,
GSK-1059615,3,0,4,384.0,191.2293561843125,343.0,636,173.0,
np-004121,1,0,4,384.0,0.0,,384,,
s1352,1,0,4,385.0,0.0,,385,,
pi 103 hydrochloride,3,0,4,385.3333333333333,211.67637772998876,320.0,671,165.0,
baeomycesic acid,1,0,4,386.0,0.0,,386,,
BRD-A25088322,1,0,4,387.0,0.0,,387,,
CH5424802,2,0,4,387.0,190.0,577.0,197,,
domperidone,2,0,4,388.0,273.0,115.0,661,,
st4066738,1,0,4,388.0,0.0,,388,,
l-sulforophane,1,0,4,389.0,0.0,,389,,
ncgc00183412-01,2,0,4,389.0,239.0,150.0,628,,
su 4312,1,0,4,391.0,0.0,,391,,
BRD-K07403598,2,0,4,392.0,34.0,426.0,358,,
BRD-K90430314,1,0,4,392.0,0.0,,392,,
t7765,3,0,4,394.0,158.12020743725324,403.0,583,196.0,
BRD-K80094086,1,0,4,397.0,0.0,,397,,
emetine,3,0,4,397.0,254.78225997898676,292.0,748,151.0,
fenoldopam hydrochloride,1,0,4,398.0,0.0,,398,,
VE821,1,0,4,399.0,0.0,,399,,
np-001821,1,0,4,400.0,0.0,,400,,
ag 494,1,0,4,402.0,0.0,,402,,
BRD-K00313977,3,0,4,402.3333333333333,150.28935055049274,430.0,571,206.0,
ursolic acid,3,0,4,402.3333333333333,423.34724386594144,134.0,1000,73.0,
bl-077,1,0,4,403.0,0.0,,403,,
selamectin,3,0,4,403.3333333333333,256.9907045443905,299.0,757,154.0,
linopirdine dihydrochloride,1,0,4,404.0,0.0,,404,,
TWS-119,2,0,4,404.5,264.5,140.0,669,,
BRD-K71554540,1,0,4,405.0,0.0,,405,,
pimozide,2,0,4,406.5,245.5,161.0,652,,
BRD-K95895342,1,0,4,407.0,0.0,,407,,
BRD-K74797618,2,0,4,408.0,343.0,65.0,751,,
mls-0390945.0001,1,0,4,408.0,0.0,,408,,
BRD-K79390395,1,0,4,410.0,0.0,,410,,
BRD-K74761218,2,0,4,411.0,206.0,205.0,617,,
chelidonine (+),3,0,4,412.0,288.0844783508245,279.0,812,145.0,
syk inhibitor,2,0,4,413.0,94.0,319.0,507,,
BRD-K14711204,1,0,4,414.0,0.0,,414,,
torasemide,1,0,4,416.0,0.0,,416,,
BRD-K15592317,1,0,4,417.0,0.0,,417,,
bl-009,2,0,4,418.0,170.0,248.0,588,,
sb 221284,1,0,4,418.0,0.0,,418,,
BRD-K52522949,2,0,4,419.0,73.0,346.0,492,,
reserpine,1,0,4,419.0,0.0,,419,,
aloisine,1,0,4,420.0,0.0,,420,,
cucurbitacin i,3,0,4,420.3333333333333,351.46297418394187,231.0,913,117.0,
BRD-K97764662,2,0,4,420.5,95.5,325.0,516,,
brivanib,2,0,4,420.5,153.5,574.0,267,,
diflorasone diacetate,1,0,4,421.0,0.0,,421,,
BRD-K63923597,1,0,4,422.0,0.0,,422,,
BRD-K50387473,2,0,4,422.5,6.5,416.0,429,,
BRD-K91145395,3,0,4,422.6666666666667,249.33155079576716,336.0,762,170.0,
cdc,1,0,4,423.0,0.0,,423,,
BRD-A94793051,2,0,4,423.5,221.5,202.0,645,,
HG-14-10-04,1,0,4,424.0,0.0,,424,,
l469480,1,0,4,425.0,0.0,,425,,
ncgc00241071-01,2,0,4,426.0,291.0,135.0,717,,
trifluoperazine dihydrochloride,2,0,4,426.5,230.5,196.0,657,,
scriptaid,3,0,4,428.0,150.42827748354586,489.0,574,221.0,
np-010914,1,0,4,430.0,0.0,,430,,
pifithrin- ?,3,0,4,430.0,376.0434372072815,221.0,958,111.0,
bromocriptine mesylate,1,0,4,432.0,0.0,,432,,
crizotinib,1,0,4,434.0,0.0,,434,,
BRD-K01834163,2,0,4,435.0,228.0,207.0,663,,
estradiol valerate,1,0,4,435.0,0.0,,435,,
arp 101,3,0,4,436.0,446.50046659176815,158.0,1066,84.0,
gr-103,1,0,4,436.0,0.0,,436,,
BRD-K71489689,1,0,4,437.0,0.0,,437,,
BRD-K07877311,3,0,4,438.0,482.183229350282,128.0,1119,67.0,
hts 10859,2,0,4,438.0,67.0,505.0,371,,
ketotifen fumarate,1,0,4,438.0,0.0,,438,,
BRD-K99616396,1,0,4,439.0,0.0,,439,,
ag 825,1,0,4,440.0,0.0,,440,,
brefeldin a,3,0,4,440.3333333333333,502.9654284562929,111.0,1151,59.0,
BRD-K00954209,1,0,4,441.0,0.0,,441,,
BRD-K78524708,1,0,4,442.0,0.0,,442,,
forskolin,2,0,4,442.5,142.5,300.0,585,,
iopanoic acid,2,0,4,444.0,52.0,392.0,496,,
sdm25n hydrochloride,1,0,4,444.0,0.0,,444,,
hydrocortisone acetate,1,0,4,445.0,0.0,,445,,
temsirolimus [ci779],3,0,4,445.3333333333333,366.67181814563037,250.0,959,127.0,
tyrphostin ag 1478,3,0,4,445.6666666666667,191.4685933050698,446.0,680,211.0,
prunetin,1,0,4,446.0,0.0,,446,,
v4877,3,0,4,446.6666666666667,364.45057582918184,254.0,957,129.0,
np-001236,2,0,4,447.5,176.5,271.0,624,,
ncgc00182380-01,1,0,4,448.0,0.0,,448,,
BRD-U86922168,2,0,4,448.5,322.5,126.0,771,,
ncgc00165199-01,2,0,4,448.5,121.5,327.0,570,,
pp-30,2,0,4,449.5,106.5,556.0,343,,
BRD-K00944562,1,0,4,450.0,0.0,,450,,
BRD-K98731749,2,0,4,450.5,186.5,264.0,637,,
sb 431542,1,0,4,451.0,0.0,,451,,
BRD-K01614657,3,0,4,452.0,416.6181305064227,212.0,1038,106.0,
BRD-A58924247,2,0,4,452.5,159.5,293.0,612,,
pyrrolidinedithiocarbamate ammonium,1,0,4,453.0,0.0,,453,,
BRD-K79222491,2,0,4,453.5,354.5,99.0,808,,
metaxalone,1,0,4,454.0,0.0,,454,,
prostaglandin a1,1,0,4,455.0,0.0,,455,,
ver155008,1,0,4,457.0,0.0,,457,,
TPCA-1,2,0,4,458.0,372.0,86.0,830,,
BRD-K56196992,3,0,4,459.0,328.82315409147617,305.0,916,156.0,
(e)-capsaicin,1,0,4,461.0,0.0,,461,,
BS-181,2,0,4,462.5,219.5,682.0,243,,
rf 01079,2,0,4,463.0,185.0,278.0,648,,
serdemetan,1,0,4,463.0,0.0,,463,,
bvt 948,1,0,4,464.0,0.0,,464,,
BRD-K37340241,1,0,4,467.0,0.0,,467,,
taxifolin-(+/-),2,0,4,467.0,248.0,219.0,715,,
bw-b 70c,1,0,4,468.0,0.0,,468,,
citalopram hydrobromide,1,0,4,469.0,0.0,,469,,
calyculin a,1,0,4,470.0,0.0,,470,,
BMS-777607,1,0,4,471.0,0.0,,471,,
nilotinib,2,0,4,471.0,177.0,648.0,294,,
BRD-K80334323 (norethynodrel),1,0,4,472.0,0.0,,472,,
"w-12, hydrochloride",1,0,4,473.0,0.0,,473,,
BRD-K56411643,3,0,4,474.0,556.8524640034079,105.0,1261,56.0,
st638,1,0,4,475.0,0.0,,475,,
gliquidone,1,0,4,476.0,0.0,,476,,
dl-pdmp,3,0,4,476.3333333333333,414.25622774102294,246.0,1058,125.0,
BRD-K48803730,1,0,4,477.0,0.0,,477,,
BRD-K30993697,1,0,4,478.0,0.0,,478,,
ncgc00165188-01,3,0,4,478.0,349.6922456484654,309.0,965,160.0,
s1053,3,0,4,479.0,269.97901152990886,400.0,842,195.0,
sulpiride,1,0,4,479.0,0.0,,479,,
HG-6-64-01,2,0,4,480.5,37.5,518.0,443,,
h 89 dihydrochloride,1,0,4,481.0,0.0,,481,,
triamcinolone diacetate,1,0,4,482.0,0.0,,482,,
enzastaurin,1,0,4,483.0,0.0,,483,,
curcubitacin i,3,0,4,483.6666666666667,331.1840710071801,338.0,942,171.0,
penfluridol,2,0,4,484.0,118.0,366.0,602,,
thiothixene,1,0,4,484.0,0.0,,484,,
cccp,3,0,4,484.6666666666667,184.46740151642572,551.0,670,233.0,
HG-5-88-01,2,0,4,485.5,318.5,804.0,167,,
s1122,3,0,4,485.6666666666667,439.7410854380362,234.0,1104,119.0,
jwh 015,1,0,4,486.0,0.0,,486,,
rs 17053 hydrochloride,2,0,4,486.0,57.0,429.0,543,,
b581,1,0,4,488.0,0.0,,488,,
KIN001-244,2,0,4,488.5,131.5,620.0,357,,
a8674,2,0,4,488.5,434.5,54.0,923,,
pkc-412,2,0,4,488.5,396.5,92.0,885,,
hy-13001,2,0,4,489.5,408.5,81.0,898,,
prestw-550,2,0,4,489.5,58.5,548.0,431,,
amiodarone hydrochloride,1,0,4,490.0,0.0,,490,,
BRD-K14236372,1,0,4,491.0,0.0,,491,,
tetrindole mesylate,1,0,4,493.0,0.0,,493,,
nutlin-3,2,0,4,493.5,209.5,284.0,703,,
jas07 005,1,0,4,494.0,0.0,,494,,
g-221,1,0,4,498.0,0.0,,498,,
"ingenol 3, 20-dibenzoate",3,0,4,498.3333333333333,400.54989979055324,288.0,1059,148.0,
1483-0018,1,0,4,499.0,0.0,,499,,
stock2s-79598,1,0,4,500.0,0.0,,500,,
BRD-K60219430,3,0,4,500.3333333333333,315.6214328731319,379.0,933,189.0,
GSK-1904529A,1,0,4,501.0,0.0,,501,,
olomoucine,1,0,4,503.0,0.0,,503,,
imd 0354,3,0,4,503.6666666666667,292.39395038581466,411.0,899,201.0,
halcinonide,1,0,4,504.0,0.0,,504,,
valdecoxib,3,0,4,504.6666666666667,199.3528418547264,565.0,713,236.0,
BRD-A75409952 (wortmannin),2,0,4,505.0,155.0,350.0,660,,
cjd-fun-4-2,1,0,4,505.0,0.0,,505,,
methylene blue,3,0,4,505.0,383.29188181680377,313.0,1040,162.0,
sb 202190,1,0,4,506.0,0.0,,506,,
SAR-245408,2,0,4,506.5,191.5,698.0,315,,
SGI-1776,2,0,4,506.5,206.5,713.0,300,,
ncgc00182357-01,2,0,4,506.5,434.5,72.0,941,,
BRD-K50140147,2,0,4,507.0,166.0,341.0,673,,
vu0418939-2,3,0,4,507.0,533.5285059550864,172.0,1260,89.0,
BRD-K66426634,1,0,4,508.0,0.0,,508,,
ncgc00183696-01,3,0,4,509.0,342.70395387272674,364.0,982,181.0,
telmisartan,1,0,4,509.0,0.0,,509,,
cc-100,2,0,4,509.5,372.5,137.0,882,,
amperozide,1,0,4,510.0,0.0,,510,,
vu0365121-1,2,0,4,510.5,212.5,298.0,723,,
BRD-K03176945,2,0,4,511.5,190.5,702.0,321,,
d 4476,1,0,4,513.0,0.0,,513,,
nafronyl oxalate,1,0,4,514.0,0.0,,514,,
hy-10992,1,0,4,515.0,0.0,,515,,
fr 122047 hydrochloride,1,0,4,517.0,0.0,,517,,
BRD-K38615104,3,0,4,518.3333333333334,580.1990080040546,141.0,1338,76.0,
rg-14620,1,0,4,519.0,0.0,,519,,
sirolimus,3,0,4,519.3333333333334,220.18981710232552,554.0,770,234.0,
BRD-K82594686,1,0,4,521.0,0.0,,521,,
ei-155,2,0,4,521.0,446.0,75.0,967,,
s1064,1,0,4,522.0,0.0,,522,,
bithionate sodium,2,0,4,522.5,82.5,440.0,605,,
BRD-K41845021,1,0,4,523.0,0.0,,523,,
apoptosis activator 2,1,0,4,524.0,0.0,,524,,
arcyriaflavin a,1,0,4,525.0,0.0,,525,,
phorbol-12-myristate-13-acetate (pma),3,0,4,525.0,363.43637682543556,365.0,1028,182.0,
bp 554 maleate,1,0,4,526.0,0.0,,526,,
lomefloxacin hydrochloride,1,0,4,527.0,0.0,,527,,
e3380,2,0,4,528.5,489.5,39.0,1018,,
hts 10765,1,0,4,529.0,0.0,,529,,
pnu 74654,3,0,4,530.0,334.0149697244122,405.0,987,198.0,
s1362,2,0,4,530.0,48.0,482.0,578,,
psh 013,1,0,4,531.0,0.0,,531,,
bibx 1382 dihydrochloride,1,0,4,533.0,0.0,,533,,
geldanamycin,3,0,4,533.3333333333334,429.7691886996503,307.0,1135,158.0,
pf3845,1,0,4,535.0,0.0,,535,,
mls-0091944.0001,1,0,4,536.0,0.0,,536,,
chlorambucil,2,0,4,537.0,412.0,125.0,949,,
s2004,1,0,4,537.0,0.0,,537,,
cyclosporine,2,0,4,537.5,6.5,531.0,544,,
cinobufagin,3,0,4,537.6666666666666,437.237032080109,306.0,1150,157.0,
amyleine hydrochloride,1,0,4,538.0,0.0,,538,,
vu0413247-1,1,0,4,539.0,0.0,,539,,
raltitrexed,1,0,4,540.0,0.0,,540,,
tg101348,3,0,4,540.3333333333334,282.22252843377964,491.0,908,222.0,
ag 555,1,0,4,541.0,0.0,,541,,
rosuvastatin calcium,1,0,4,542.0,0.0,,542,,
BRD-K12184916,3,0,4,544.0,244.54174831031747,564.0,833,235.0,
akt inhibitor iv,3,0,4,544.0,544.1072198258967,214.0,1311,107.0,
sb 366791,1,0,4,546.0,0.0,,546,,
BRD-K05331696,1,0,4,547.0,0.0,,547,,
g5797,1,0,4,548.0,0.0,,548,,
ncgc00241357-01,2,0,4,548.5,428.5,120.0,977,,
ncgc00242335-01,1,0,4,549.0,0.0,,549,,
su 5416,1,0,4,550.0,0.0,,550,,
ei-263,3,0,4,551.0,390.0880242543555,374.0,1092,187.0,
siguazodan,1,0,4,552.0,0.0,,552,,
BRD-K52321331,2,0,4,553.0,165.0,388.0,718,,
mls-0351065,1,0,4,553.0,0.0,,553,,
puromycin hydrochloride,3,0,4,553.3333333333334,692.911891144097,83.0,1533,44.0,
BRD-K11072542,1,0,4,555.0,0.0,,555,,
doxepin hydrochloride,1,0,4,556.0,0.0,,556,,
BRD-A67438293,1,0,4,557.0,0.0,,557,,
helveticoside,3,0,4,557.6666666666666,623.9285927803669,154.0,1439,80.0,
BRD-U82589721,2,0,4,558.0,434.0,124.0,992,,
YM-201636,1,0,4,558.0,0.0,,558,,
BRD-K33720394,2,0,4,558.5,36.5,522.0,595,,
BRD-K81814927,1,0,4,560.0,0.0,,560,,
np-009169,2,0,4,561.5,129.5,432.0,691,,
CX-5461,2,0,4,562.0,147.0,709.0,415,,
u 18666a,1,0,4,563.0,0.0,,563,,
BRD-K28120860,1,0,4,564.0,0.0,,564,,
bml-257,1,0,4,565.0,0.0,,565,,
skf 89976a hydrochloride,1,0,4,566.0,0.0,,566,,
terfenadine,2,0,4,566.5,299.5,267.0,866,,
moban,1,0,4,567.0,0.0,,567,,
ncgc00182393-01,3,0,4,567.0,517.5023349383717,268.0,1295,138.0,
finasteride,1,0,4,568.0,0.0,,568,,
BRD-K59962020,2,0,4,571.0,202.0,369.0,773,,
dexamethasone acetate,1,0,4,572.0,0.0,,572,,
ku-0063794,3,0,4,573.0,468.21362645698383,323.0,1229,167.0,
miochol,1,0,4,573.0,0.0,,573,,
BRD-U68942961,2,0,4,573.5,110.5,463.0,684,,
dacomitinib,2,0,4,573.5,179.5,753.0,394,,
BRD-K17739445,1,0,4,575.0,0.0,,575,,
homoharringtonine,3,0,4,575.0,441.7329510009413,357.0,1191,177.0,
rhodomyrtoxin b,3,0,4,575.0,391.94472399391555,409.0,1116,200.0,
BRD-K72451865,1,0,4,576.0,0.0,,576,,
ncgc00183255-01,3,0,4,576.3333333333334,643.2341892516458,159.0,1485,85.0,
BRD-K40175214,3,0,4,577.3333333333334,429.454175540172,372.0,1175,185.0,
st4029573,2,0,4,578.5,157.5,421.0,736,,
salermide,3,0,4,578.6666666666666,440.77683948027743,363.0,1193,180.0,
gr 46611,1,0,4,579.0,0.0,,579,,
luteolin,2,0,4,579.0,142.0,437.0,721,,
7b-cis,3,0,4,580.3333333333334,512.1265034691678,291.0,1300,150.0,
sp 600125,1,0,4,581.0,0.0,,581,,
WH-4-025,2,0,4,581.5,121.5,703.0,460,,
olaparib,2,0,4,581.5,397.5,184.0,979,,
wortmannin,3,0,4,582.3333333333334,330.01548785204346,501.0,1021,225.0,
nsc 3852,3,0,4,583.0,529.5853724062501,277.0,1328,144.0,
px12,3,0,4,585.0,457.0798617309671,356.0,1223,176.0,
ginsenoside-rc,1,0,4,586.0,0.0,,586,,
np-009265,2,0,4,587.5,10.5,598.0,577,,
s1019,2,0,4,588.0,293.0,295.0,881,,
mycophenolic acid,2,0,4,588.5,435.5,153.0,1024,,
"15-deoxy-?12,14-prostaglandin j2",3,0,4,588.6666666666666,474.1542177627678,342.0,1252,172.0,
am580,1,0,4,589.0,0.0,,589,,
BRD-K42644990,1,0,4,590.0,0.0,,590,,
digoxin,3,0,4,590.6666666666666,400.6613976359034,424.0,1143,205.0,
BRD-K14939371,2,0,4,591.0,361.0,230.0,952,,
ncgc00181381-01,1,0,4,591.0,0.0,,591,,
BRD-K78385490,2,0,4,591.5,4.5,596.0,587,,
BRD-K32485462,1,0,4,592.0,0.0,,592,,
anisomycin,3,0,4,592.6666666666666,461.69711090954667,362.0,1237,179.0,
BRD-K14749055,1,0,4,593.0,0.0,,593,,
calpeptin,2,0,4,594.0,166.0,760.0,428,,
methylergometrine maleate,1,0,4,594.0,0.0,,594,,
BRD-K38625260,2,0,4,595.0,117.0,478.0,712,,
ski ii,3,0,4,595.0,371.72660204331174,469.0,1100,216.0,
st056792,3,0,4,595.0,591.6254445733945,236.0,1429,120.0,
brompheniramine maleate,1,0,4,596.0,0.0,,596,,
peitc,1,0,4,597.0,0.0,,597,,
r406,2,0,4,597.0,11.0,586.0,608,,
BRD-K22096725,1,0,4,598.0,0.0,,598,,
s1057,2,0,4,598.0,1.0,597.0,599,,
cymarin,3,0,4,598.6666666666666,568.291200784324,262.0,1399,135.0,
zardaverine,2,0,4,599.0,275.0,324.0,874,,
BRD-K52075040,3,0,4,599.3333333333334,644.3996344574451,192.0,1509,97.0,
teniposide,3,0,4,601.3333333333334,531.3268506505409,301.0,1348,155.0,
niclosamide,3,0,4,602.6666666666666,402.16939493479885,444.0,1155,209.0,
ncgc00182362-01,1,0,4,603.0,0.0,,603,,
prednisolone,1,0,4,604.0,0.0,,604,,
mls-0390818.0001,1,0,4,606.0,0.0,,606,,
dipropyldopamine,1,0,4,607.0,0.0,,607,,
sb 200646 hydrochloride,1,0,4,609.0,0.0,,609,,
narciclasine,3,0,4,609.6666666666666,642.9848797254532,208.0,1517,104.0,
BRD-K90417362,1,0,4,611.0,0.0,,611,,
erastin,1,0,4,613.0,0.0,,613,,
ikk 16,2,0,4,613.5,78.5,535.0,692,,
ncgc00181799-01,1,0,4,614.0,0.0,,614,,
capsazepine,1,0,4,615.0,0.0,,615,,
BRD-K93760529,1,0,4,616.0,0.0,,616,,
at-mlpcn csc-006,2,0,4,616.5,218.5,398.0,835,,
digoxigenin,2,0,4,616.5,78.5,538.0,695,,
s6005,1,0,4,618.0,0.0,,618,,
stk661558,1,0,4,619.0,0.0,,619,,
BRD-K77681376,3,0,4,620.0,530.1270288022171,328.0,1364,168.0,
dabrafenib,1,0,4,621.0,0.0,,621,,
ouabain,3,0,4,621.0,592.1103500756144,269.0,1455,139.0,
oxybenzone,1,0,4,622.0,0.0,,622,,
BRD-K73319509,1,0,4,623.0,0.0,,623,,
BRD-K51189903,1,0,4,625.0,0.0,,625,,
BRD-K43620258,3,0,4,625.3333333333334,370.8695487934028,526.0,1121,229.0,
t 0901317,1,0,4,626.0,0.0,,626,,
bx-795,2,0,4,626.5,237.5,389.0,864,,
GW-843682X,2,0,4,627.0,168.0,795.0,459,,
carvedilol,1,0,4,627.0,0.0,,627,,
clocortolone pivalate,1,0,4,629.0,0.0,,629,,
BRD-K16290432,1,0,4,630.0,0.0,,630,,
bl-081,1,0,4,631.0,0.0,,631,,
BRD-K28180706,1,0,4,632.0,0.0,,632,,
BRD-A18763547,2,0,4,632.5,250.5,382.0,883,,
BRD-K22631935,1,0,4,633.0,0.0,,633,,
BRD-K89692698,2,0,4,633.5,55.5,578.0,689,,
indirubin-3?-monoxime,1,0,4,634.0,0.0,,634,,
BRD-K23149109,1,0,4,635.0,0.0,,635,,
amsacrine,3,0,4,636.0,477.9044534911415,408.0,1301,199.0,
dg-041,3,0,4,636.0,549.8781683245844,331.0,1408,169.0,
lasalocid sodium salt,2,0,4,636.5,259.5,377.0,896,,
1541b,2,0,4,637.0,225.0,412.0,862,,
BRD-K94173926,1,0,4,638.0,0.0,,638,,
vu0415555-1,1,0,4,640.0,0.0,,640,,
PF-477736,2,0,4,640.5,155.5,796.0,485,,
ZM-447439,1,0,4,641.0,0.0,,641,,
ym-155,3,0,4,641.0,664.1631325711077,229.0,1578,116.0,
BRD-K86574132,3,0,4,642.0,423.4674328288619,485.0,1221,220.0,
d3943,1,0,4,642.0,0.0,,642,,
betamethasone,2,0,4,643.0,596.0,47.0,1239,,
triclosan,2,0,4,643.0,204.0,439.0,847,,
vu0415113-1,1,0,4,643.0,0.0,,643,,
riluzole hydrochloride,1,0,4,644.0,0.0,,644,,
mk-2206,2,0,4,644.5,62.5,707.0,582,,
ncgc00186101-01,2,0,4,645.0,53.0,592.0,698,,
BRD-K93296644,1,0,4,646.0,0.0,,646,,
gr-109,2,0,4,646.0,224.0,422.0,870,,
BRD-K06750613,1,0,4,647.0,0.0,,647,,
kuc104488 kuc104488n,2,0,4,648.5,41.5,607.0,690,,
BRD-K88868628,1,0,4,649.0,0.0,,649,,
BRD-K88329126,1,0,4,650.0,0.0,,650,,
tgx-115,3,0,4,650.0,396.3811297223923,537.0,1182,231.0,
BRD-A47816767,2,0,4,651.0,303.0,348.0,954,,
penicillic acid,1,0,4,651.0,0.0,,651,,
tws119,3,0,4,651.3333333333334,641.0888307316615,263.0,1555,136.0,
vu0418934-2,2,0,4,652.0,545.0,107.0,1197,,
lylamine hydrochloride,1,0,4,653.0,0.0,,653,,
gr 159897,2,0,4,653.5,273.5,380.0,927,,
stk397047,2,0,4,654.0,601.0,53.0,1255,,
way 170523,1,0,4,654.0,0.0,,654,,
doxorubicin,3,0,4,654.6666666666666,397.51422057022756,545.0,1187,232.0,
BRD-A55554369,1,0,4,656.0,0.0,,656,,
BRD-U29336476,2,0,4,656.5,303.5,353.0,960,,
"ly-163,502",1,0,4,658.0,0.0,,658,,
pyrimethamine,2,0,4,658.5,244.5,414.0,903,,
piceatannol,1,0,4,659.0,0.0,,659,,
vu0418946-2,3,0,4,660.6666666666666,592.6872887300876,322.0,1494,166.0,
ncgc00242279-01,2,0,4,661.0,278.0,383.0,939,,
genistein,1,0,4,662.0,0.0,,662,,
BRD-K02113016,2,0,4,662.5,7.5,670.0,655,,
tyrphostin-AG-1478,2,0,4,662.5,101.5,764.0,561,,
remacemide hydrochloride,1,0,4,664.0,0.0,,664,,
BRD-K07061353,1,0,4,665.0,0.0,,665,,
ncgc00181801-01,1,0,4,666.0,0.0,,666,,
BRD-U33728988,2,0,4,666.5,147.5,519.0,814,,
BRD-K80348542,2,0,4,667.0,393.0,274.0,1060,,
bisindolylmaleimide iv,2,0,4,667.0,186.0,481.0,853,,
ciglitazone,1,0,4,667.0,0.0,,667,,
m9948,1,0,4,668.0,0.0,,668,,
vu0410183-2,3,0,4,668.3333333333334,474.99216367805013,467.0,1324,214.0,
diphenyleneiodonium chloride,2,0,4,668.5,117.5,786.0,551,,
toremifene,2,0,4,671.5,105.5,566.0,777,,
"brl 37344, sodium salt",1,0,4,672.0,0.0,,672,,
gr 103691,1,0,4,674.0,0.0,,674,,
ethyl-beta-carboline-3-carboxylate,1,0,4,675.0,0.0,,675,,
zm 336372,2,0,4,675.5,183.5,492.0,859,,
BRD-A63583287,1,0,4,676.0,0.0,,676,,
BRD-K71303366,2,0,4,677.0,375.0,302.0,1052,,
mls-0146291.0001,1,0,4,677.0,0.0,,677,,
sb 225002,2,0,4,677.5,466.5,211.0,1144,,
s1154,1,0,4,678.0,0.0,,678,,
BRD-K77877933,2,0,4,678.5,509.5,169.0,1188,,
BRD-K23657553,1,0,4,679.0,0.0,,679,,
mk-0591,3,0,4,679.3333333333334,441.2484812690263,529.0,1279,230.0,
BRD-K00028814,1,0,4,681.0,0.0,,681,,
amodiaquin dihydrochloride dihydrate,1,0,4,682.0,0.0,,682,,
simvastatin,2,0,4,682.5,16.5,666.0,699,,
BRD-A45664787,1,0,4,683.0,0.0,,683,,
st4062971,1,0,4,686.0,0.0,,686,,
ic 261,2,0,4,686.5,225.5,461.0,912,,
prednisolone hemisuccinate,1,0,4,687.0,0.0,,687,,
s2001,1,0,4,688.0,0.0,,688,,
stock1s-53863,2,0,4,689.5,579.5,110.0,1269,,
BRD-K87909389,3,0,4,689.6666666666666,746.804897918831,216.0,1744,109.0,
bendroflumethiazide,2,0,4,691.5,358.5,333.0,1050,,
mebendazole,2,0,4,692.0,333.0,359.0,1025,,
hy-50877,1,0,4,693.0,0.0,,693,,
mln4924,3,0,4,694.0,679.6798265850375,283.0,1652,147.0,
t5247673,1,0,4,694.0,0.0,,694,,
tc 2559 difumarate,1,0,4,696.0,0.0,,696,,
nnc 05-2090 hydrochloride,2,0,4,696.5,155.5,541.0,852,,
mls-0391006,1,0,4,697.0,0.0,,697,,
BRD-K90543092,2,0,4,699.5,354.5,345.0,1054,,
aminocaproic acid,1,0,4,700.0,0.0,,700,,
BRD-K31706415,2,0,4,700.5,342.5,358.0,1043,,
cay10594,2,0,4,700.5,476.5,224.0,1177,,
olvanil,2,0,4,700.5,210.5,490.0,911,,
pd 198306,2,0,4,700.5,368.5,332.0,1069,,
bl-010,2,0,4,701.0,466.0,235.0,1167,,
s1120,1,0,4,701.0,0.0,,701,,
gw 441756,2,0,4,701.5,268.5,433.0,970,,
ranolazine,1,0,4,702.0,0.0,,702,,
BRD-K70748405,1,0,4,704.0,0.0,,704,,
jak3 inhibitor ii,1,0,4,706.0,0.0,,706,,
lovastatin,2,0,4,706.0,29.0,677.0,735,,
BRD-K77547920,3,0,4,706.3333333333334,598.2921991431574,384.0,1545,190.0,
importazole,3,0,4,706.6666666666666,744.9641303818296,240.0,1758,122.0,
BRD-U44700465,1,0,4,707.0,0.0,,707,,
ag14361,3,0,4,708.0,557.6779237756025,431.0,1486,207.0,
cjd-pla-20-1,1,0,4,708.0,0.0,,708,,
zk 164015,2,0,4,708.5,51.5,657.0,760,,
hy-10518,2,0,4,709.0,354.0,355.0,1063,,
norcyclobenzaprine,1,0,4,709.0,0.0,,709,,
BRD-K07005393,2,0,4,710.0,370.0,340.0,1080,,
ag 957,1,0,4,710.0,0.0,,710,,
maprotiline hydrochloride,2,0,4,710.0,319.0,391.0,1029,,
mibefradil dihydrochloride,1,0,4,714.0,0.0,,714,,
nsc 632839 hydrochloride,3,0,4,714.3333333333334,678.5643341316692,312.0,1670,161.0,
x0379,1,0,4,716.0,0.0,,716,,
BRD-K98426715,1,0,4,719.0,0.0,,719,,
ha-1004,1,0,4,720.0,0.0,,720,,
mitomycin c,3,0,4,720.6666666666666,781.5132045518418,225.0,1824,113.0,
BRD-K96076993,3,0,4,721.0,737.2453232585925,265.0,1761,137.0,
s1170,2,0,4,721.5,206.5,515.0,928,,
axon1408,1,0,4,722.0,0.0,,722,,
inhibitor bec hydrochloride,1,0,4,724.0,0.0,,724,,
BRD-K86899078,2,0,4,725.0,376.0,349.0,1101,,
c3930,1,0,4,725.0,0.0,,725,,
parthenolide,3,0,4,725.6666666666666,470.44470687023596,579.0,1361,237.0,
strophanthidin,1,0,4,726.0,0.0,,726,,
terconazole,1,0,4,727.0,0.0,,727,,
BRD-A15010982,2,0,4,728.0,468.0,260.0,1196,,
BRD-K57836103,1,0,4,728.0,0.0,,728,,
BRD-K10846167,2,0,4,728.5,268.5,460.0,997,,
BRD-K45818044,2,0,4,728.5,242.5,486.0,971,,
cv 1808,1,0,4,729.0,0.0,,729,,
KIN001-055,2,0,4,730.0,464.0,266.0,1194,,
w-13 hydrochloride,1,0,4,730.0,0.0,,730,,
BRD-K96167523,1,0,4,731.0,0.0,,731,,
b3063,1,0,4,732.0,0.0,,732,,
s1011,2,0,4,732.0,333.0,399.0,1065,,
isoreserpine,1,0,4,733.0,0.0,,733,,
s1222,2,0,4,734.0,272.0,462.0,1006,,
BRD-K26664453,2,0,4,735.0,130.0,605.0,865,,
BRD-K55722623,2,0,4,736.0,494.0,242.0,1230,,
nifedipine,1,0,4,737.0,0.0,,737,,
BRD-K43581698,1,0,4,738.0,0.0,,738,,
s1003,2,0,4,738.0,435.0,303.0,1173,,
mephentermine sulfate,1,0,4,739.0,0.0,,739,,
BRD-K01436366,1,0,4,740.0,0.0,,740,,
butein,1,0,4,741.0,0.0,,741,,
4-demethoxydaunorubicin hydrochloride (65),3,0,4,741.6666666666666,663.5713140943396,368.0,1674,183.0,
BIX-02189,1,0,4,742.0,0.0,,742,,
BRD-K79619196,1,0,4,743.0,0.0,,743,,
BRD-A51777634,3,0,4,744.0,649.0747260524015,386.0,1655,191.0,
jte 907,1,0,4,744.0,0.0,,744,,
BRD-K10114046,1,0,4,745.0,0.0,,745,,
primaquine diphosphate,1,0,4,746.0,0.0,,746,,
ncgc00183690-01,1,0,4,747.0,0.0,,747,,
BRD-U88878891,2,0,4,748.0,538.0,210.0,1286,,
bapta-am,1,0,4,749.0,0.0,,749,,
BRD-K28907958,3,0,4,749.6666666666666,543.8825445095864,521.0,1500,228.0,
BRD-A90643929,1,0,4,752.0,0.0,,752,,
rofecoxib,1,0,4,753.0,0.0,,753,,
mifepristone,1,0,4,754.0,0.0,,754,,
indirubin,1,0,4,755.0,0.0,,755,,
BRD-A68061604,2,0,4,755.5,420.5,335.0,1176,,
nrb 03823,1,0,4,756.0,0.0,,756,,
o-2050,1,0,4,758.0,0.0,,758,,
BRD-A07614565,1,0,4,759.0,0.0,,759,,
azd8055,2,0,4,760.0,180.0,580.0,940,,
BRD-K36055864 (cycloheximide),2,0,4,761.0,623.0,138.0,1384,,
ketanserin tartrate hydrate,1,0,4,761.0,0.0,,761,,
angiogenesis inhibitor,1,0,4,763.0,0.0,,763,,
s1018,2,0,4,763.5,614.5,149.0,1378,,
8-{[2-oxo-2-(1-pyrrolidinyl)ethyl]thio}quinoline,1,0,4,764.0,0.0,,764,,
naltrexone hydrochloride,1,0,4,765.0,0.0,,765,,
pp-110,3,0,4,765.3333333333334,484.24259301396535,646.0,1409,241.0,
ncgc00182390-01,1,0,4,766.0,0.0,,766,,
(s)-(-)-bay k 8644,2,0,4,766.5,295.5,471.0,1062,,
gp 2a,1,0,4,769.0,0.0,,769,,
ei-332,2,0,4,771.0,177.0,594.0,948,,
ncgc00182371-01,2,0,4,771.5,620.5,151.0,1392,,
ttnpb,1,0,4,772.0,0.0,,772,,
BRD-K49865102,2,0,4,773.0,355.0,418.0,1128,,
BRD-K88542532,1,0,4,774.0,0.0,,774,,
BRD-K10554164,1,0,4,775.0,0.0,,775,,
BRD-K55116708,2,0,4,776.0,204.0,572.0,980,,
mefexamide hydrochloride,1,0,4,776.0,0.0,,776,,
c1386,1,0,4,778.0,0.0,,778,,
irinotecan hydrochloride trihydrate,2,0,4,778.0,728.0,50.0,1506,,
akti-1/2,2,0,4,778.5,183.5,595.0,962,,
BRD-A27640568,1,0,4,780.0,0.0,,780,,
BRD-K49371609,3,0,4,780.3333333333334,516.6599999569887,626.0,1476,239.0,
bjm-ctd2-9,3,0,4,780.3333333333334,698.6932246860722,387.0,1762,192.0,
bas 00535043,1,0,4,781.0,0.0,,781,,
A66,1,0,4,782.0,0.0,,782,,
everolimus,2,0,4,782.5,537.5,245.0,1320,,
colforsin,1,0,4,783.0,0.0,,783,,
nsc 95397,2,0,4,783.5,334.5,449.0,1118,,
BRD-K82837433,2,0,4,784.0,665.0,119.0,1449,,
mmpx,1,0,4,784.0,0.0,,784,,
BRD-K84203638,3,0,4,784.3333333333334,781.367320079928,308.0,1886,159.0,
BRD-K06009608,2,0,4,784.5,5.5,790.0,779,,
t5220758,1,0,4,785.0,0.0,,785,,
BRD-A36630025,3,0,4,785.6666666666666,597.4849138030366,516.0,1614,227.0,
BRD-A31374339,1,0,4,786.0,0.0,,786,,
vinblastine sulfate,2,0,4,787.0,593.0,194.0,1380,,
vitexin,1,0,4,787.0,0.0,,787,,
digitoxigenin,3,0,4,787.6666666666666,846.0615948157807,253.0,1982,128.0,
NVP-TAE226,1,0,4,788.0,0.0,,788,,
norketamine hydrochloride,1,0,4,789.0,0.0,,789,,
BRD-K62970326,2,0,4,789.5,265.5,524.0,1055,,
bibr1532,2,0,4,789.5,130.5,659.0,920,,
tranilast,1,0,4,790.0,0.0,,790,,
BRD-K04853698,3,0,4,790.3333333333334,707.4038607628759,394.0,1784,193.0,
manumycin a,3,0,4,790.3333333333334,643.0947744220044,468.0,1688,215.0,
proscillaridin a,3,0,4,790.6666666666666,454.74266227052954,765.0,1360,247.0,
tpl2,2,0,4,791.0,242.0,549.0,1033,,
BRD-K89558221,2,0,4,792.0,357.0,435.0,1149,,
BRD-K98676510,1,0,4,792.0,0.0,,792,,
rs 67333 hydrochloride,1,0,4,793.0,0.0,,793,,
carbidopa,1,0,4,794.0,0.0,,794,,
BRD-K80786583,2,0,4,794.5,384.5,410.0,1179,,
cgs 21680 hydrochloride,1,0,4,795.0,0.0,,795,,
s1367,2,0,4,795.5,182.5,613.0,978,,
dihydro-beta-tubaic acid,1,0,4,796.0,0.0,,796,,
hemicholinium bromide,1,0,4,797.0,0.0,,797,,
mls-0437446.0001,2,0,4,798.0,339.0,459.0,1137,,
rhamnetin,1,0,4,798.0,0.0,,798,,
ncgc00012588-02,1,0,4,799.0,0.0,,799,,
fenobam,1,0,4,800.0,0.0,,800,,
BRD-K81795824,3,0,4,801.0,701.9074013002,415.0,1786,202.0,
cabozantinib,1,0,4,801.0,0.0,,801,,
cgp 53353,1,0,4,802.0,0.0,,802,,
triflupromazine hydrochloride,2,0,4,802.0,29.0,773.0,831,,
BRD-A68739437,2,0,4,802.5,383.5,419.0,1186,,
BRD-K39345836,1,0,4,803.0,0.0,,803,,
chemistry 2804,3,0,4,804.0,670.7046046261102,457.0,1742,213.0,
"methyl 2,5-dihydroxycinnamate",1,0,4,804.0,0.0,,804,,
curcumin,3,0,4,805.0,682.0679340554478,445.0,1760,210.0,
"dibutyryl-camp, sodium salt",1,0,4,805.0,0.0,,805,,
BRD-K97701319,1,0,4,806.0,0.0,,806,,
camptothecin,3,0,4,806.3333333333334,728.478017665751,395.0,1830,194.0,
cp 94253 hydrochloride,1,0,4,807.0,0.0,,807,,
BRD-K63068307,2,0,4,807.5,351.5,456.0,1159,,
u 99194 maleate,1,0,4,809.0,0.0,,809,,
ag 556,1,0,4,810.0,0.0,,810,,
droperidol,1,0,4,811.0,0.0,,811,,
ct-200783,3,0,4,811.3333333333334,695.0262984632708,441.0,1785,208.0,
hli 373,2,0,4,812.5,347.5,465.0,1160,,
BRD-K58618158,1,0,4,813.0,0.0,,813,,
fccp,2,0,4,813.5,197.5,616.0,1011,,
vx-680,2,0,4,813.5,309.5,504.0,1123,,
BRD-K94841585,2,0,4,814.0,350.0,464.0,1164,,
sch 58261,2,0,4,814.5,169.5,645.0,984,,
BX-912,2,0,4,815.0,724.0,91.0,1539,,
loteprednol,1,0,4,815.0,0.0,,815,,
BRD-K02216544,1,0,4,816.0,0.0,,816,,
"l-168,049",1,0,4,817.0,0.0,,817,,
"r(-)-2,10,11-trihydroxyaporphine",1,0,4,818.0,0.0,,818,,
BRD-K19181733,1,0,4,819.0,0.0,,819,,
BRD-K20492338,2,0,4,819.5,217.5,602.0,1037,,
BRD-K58900438,1,0,4,820.0,0.0,,820,,
BRD-A24054354,1,0,4,821.0,0.0,,821,,
BRD-K45031696,1,0,4,822.0,0.0,,822,,
BRD-K56343971,2,0,4,822.5,260.5,562.0,1083,,
BRD-K45399554,2,0,4,823.0,421.0,402.0,1244,,
amg 9810,1,0,4,823.0,0.0,,823,,
kn-93,1,0,4,824.0,0.0,,824,,
BRD-K17953061,3,0,4,825.0,688.7326525341068,470.0,1788,217.0,
BRD-K72817452,1,0,4,825.0,0.0,,825,,
BRD-K89546934,2,0,4,825.0,540.0,285.0,1365,,
ncgc00167094-01,1,0,4,826.0,0.0,,826,,
BRD-K74133369,1,0,4,827.0,0.0,,827,,
glipizide,1,0,4,828.0,0.0,,828,,
BRD-K87343924 (wortmannin),2,0,4,829.0,93.0,736.0,922,,
h-9 dihydrochloride,1,0,4,829.0,0.0,,829,,
etoposide,3,0,4,829.3333333333334,795.2409837415462,361.0,1949,178.0,
exemestane,2,0,4,830.5,520.5,310.0,1351,,
s-8599,2,0,4,830.5,283.5,547.0,1114,,
BRD-A42737819,1,0,4,832.0,0.0,,832,,
arachidonyl trifluoro-methyl ketone,3,0,4,832.6666666666666,677.6121473396283,496.0,1778,224.0,
BRD-K88198340,2,0,4,833.0,308.0,525.0,1141,,
s1205,3,0,4,833.0,718.49054737461,447.0,1840,212.0,
gw 3965 hydrochloride,1,0,4,834.0,0.0,,834,,
ivermectin,2,0,4,836.0,277.0,559.0,1113,,
jtc 801,1,0,4,836.0,0.0,,836,,
u0126,2,0,4,836.0,423.0,413.0,1259,,
bd 1063 dihydrochloride,1,0,4,837.0,0.0,,837,,
mdl 29951,1,0,4,838.0,0.0,,838,,
api-2,2,0,4,839.0,212.0,627.0,1051,,
ncgc00188012-01,1,0,4,839.0,0.0,,839,,
rosiglitazone hydrochloride,1,0,4,840.0,0.0,,840,,
np-002257,1,0,4,841.0,0.0,,841,,
flucytosine,2,0,4,841.5,375.5,466.0,1217,,
nornicotine,1,0,4,843.0,0.0,,843,,
rottlerin ncgc00025228-11,3,0,4,843.3333333333334,613.332608695224,608.0,1684,238.0,
pdgf receptor tyrosine kinase inhibitor i,1,0,4,844.0,0.0,,844,,
t5323840,2,0,4,844.0,550.0,294.0,1394,,
BRD-K05197617,1,0,4,845.0,0.0,,845,,
hy-10159,2,0,4,845.0,212.0,633.0,1057,,
mls-0075347.0001,1,0,4,846.0,0.0,,846,,
piplartine,3,0,4,846.6666666666666,777.0055054860009,404.0,1939,197.0,
BRD-K27169919,1,0,4,848.0,0.0,,848,,
etodolac,2,0,4,848.5,163.5,685.0,1012,,
spiperone,1,0,4,849.0,0.0,,849,,
ki 8751,2,0,4,849.5,448.5,401.0,1298,,
ei-346,2,0,4,850.0,570.0,280.0,1420,,
lde225 (nvp-lde225),1,0,4,850.0,0.0,,850,,
BRD-K29143967,1,0,4,851.0,0.0,,851,,
bntx maleate,3,0,4,852.6666666666666,811.3512734253204,375.0,1995,188.0,
meclofenamic acid sodium salt monohydrate,1,0,4,854.0,0.0,,854,,
BRD-A43155244,2,0,4,855.0,664.0,191.0,1519,,
sarmentogenin,2,0,4,855.0,742.0,113.0,1597,,
trap 101,1,0,4,855.0,0.0,,855,,
BRD-K35638681,1,0,4,856.0,0.0,,856,,
BRD-K89224880,1,0,4,857.0,0.0,,857,,
menadione,2,0,4,857.0,741.0,116.0,1598,,
PD-173074,1,0,4,858.0,0.0,,858,,
cvf-csc-7 brd-a32595718,2,0,4,859.0,543.0,316.0,1402,,
"l-750,667",1,0,4,860.0,0.0,,860,,
naproxol,2,0,4,860.5,380.5,480.0,1241,,
BRD-K01578344,1,0,4,861.0,0.0,,861,,
BRD-K36354764,1,0,4,863.0,0.0,,863,,
t5212475,2,0,4,864.0,534.0,330.0,1398,,
tpca-1,2,0,4,864.5,318.5,546.0,1183,,
periplocymarin,2,0,4,866.5,640.5,226.0,1507,,
s1458,1,0,4,867.0,0.0,,867,,
epirubicin hydrochloride,2,0,4,868.0,420.0,448.0,1288,,
ncgc00185087-01,2,0,4,868.5,66.5,802.0,935,,
naloxone hydrochloride,1,0,4,869.0,0.0,,869,,
kf 38789,2,0,4,869.5,175.5,694.0,1045,,
rottlerin,2,0,4,869.5,411.5,458.0,1281,,
pyrvinium pamoate,2,0,4,870.0,549.0,321.0,1419,,
pi 828,2,0,4,870.5,336.5,534.0,1207,,
BRD-K14027855,1,0,4,871.0,0.0,,871,,
BRD-K73261812,2,0,4,871.5,810.5,61.0,1682,,
meloxicam sodium,1,0,4,872.0,0.0,,872,,
BRD-K18074178,1,0,4,873.0,0.0,,873,,
rhizocarpic acid,2,0,4,874.5,537.5,337.0,1412,,
triacsin-c,1,0,4,875.0,0.0,,875,,
ncgc00188714-01,1,0,4,876.0,0.0,,876,,
fit,1,0,4,877.0,0.0,,877,,
ncgc00165208-01,1,0,4,878.0,0.0,,878,,
ruxolitinib,1,0,4,879.0,0.0,,879,,
BRD-K70161581,2,0,4,880.0,319.0,561.0,1199,,
perhexiline maleate,2,0,4,880.0,242.0,638.0,1122,,
ys-035 hydrochloride,1,0,4,880.0,0.0,,880,,
k784-3187,2,0,4,882.0,329.0,553.0,1211,,
BRD-K92301463,1,0,4,884.0,0.0,,884,,
r(-)-n-allylnorapomorphine,1,0,4,886.0,0.0,,886,,
BRD-K92317137,3,0,4,887.0,755.5558660130081,494.0,1944,223.0,
sid 26681509,1,0,4,887.0,0.0,,887,,
digitoxin,2,0,4,887.5,698.5,189.0,1586,,
jnj 16259685,1,0,4,888.0,0.0,,888,,
gw 7647,2,0,4,889.0,499.0,390.0,1388,,
zaprinast,1,0,4,889.0,0.0,,889,,
az 10417808,1,0,4,890.0,0.0,,890,,
oxindole i,2,0,4,890.0,608.0,282.0,1498,,
BRD-K53903639,2,0,4,891.0,352.0,539.0,1243,,
luzindole,1,0,4,891.0,0.0,,891,,
nicardipine hydrochloride,1,0,4,892.0,0.0,,892,,
azd-7545-a,1,0,4,893.0,0.0,,893,,
lonidamine,2,0,4,893.0,387.0,506.0,1280,,
gamma-linolenic acid (18:3 n-6),1,0,4,894.0,0.0,,894,,
oxymetholone,2,0,4,894.5,568.5,326.0,1463,,
BRD-K71670746,1,0,4,895.0,0.0,,895,,
cgp 57380,1,0,4,897.0,0.0,,897,,
gr-231,2,0,4,898.0,455.0,443.0,1353,,
BRD-K50234570,3,0,4,899.6666666666666,643.3632117414098,684.0,1773,242.0,
prothionamide,1,0,4,900.0,0.0,,900,,
NVP-BGJ398,2,0,4,901.0,279.0,622.0,1180,,
r(+)-6-bromo-apb,1,0,4,901.0,0.0,,901,,
ro 90-7501,1,0,4,902.0,0.0,,902,,
vu0365118-1,2,0,4,902.0,231.0,671.0,1133,,
BRD-K95138506,1,0,4,904.0,0.0,,904,,
guggulsterone,1,0,4,905.0,0.0,,905,,
iproniazide phosphate,1,0,4,906.0,0.0,,906,,
naltrexone hydrochloride dihydrate,1,0,4,907.0,0.0,,907,,
oxymetazoline hydrochloride,2,0,4,907.0,590.0,317.0,1497,,
lasalocid sodium,1,0,4,909.0,0.0,,909,,
azacyclonol,2,0,4,909.5,305.5,604.0,1215,,
bcl-2 inhibitor,2,0,4,910.0,413.0,497.0,1323,,
ncgc00182364-01,1,0,4,910.0,0.0,,910,,
BRD-K10705233,2,0,4,910.5,307.5,603.0,1218,,
methiazole,1,0,4,914.0,0.0,,914,,
ritodrine hydrochloride,1,0,4,915.0,0.0,,915,,
BRD-A95445494,1,0,4,917.0,0.0,,917,,
BRD-K49010888,2,0,4,917.0,385.0,532.0,1302,,
BRD-K86231656,1,0,4,918.0,0.0,,918,,
artesunate,2,0,4,919.0,399.0,520.0,1318,,
chr 2797,2,0,4,919.0,220.0,699.0,1139,,
gitoxigenin,1,0,4,919.0,0.0,,919,,
mln2238,3,0,4,920.3333333333334,698.0545983103486,641.0,1880,240.0,
BRD-A89907244,1,0,4,921.0,0.0,,921,,
brazilin,2,0,4,923.0,203.0,720.0,1126,,
bromhexine hydrochloride,1,0,4,924.0,0.0,,924,,
np-002491,1,0,4,925.0,0.0,,925,,
imodium,2,0,4,925.5,636.5,289.0,1562,,
BRD-K39757396,1,0,4,926.0,0.0,,926,,
thiazolopyrimidine,2,0,4,926.0,165.0,761.0,1091,,
BRD-K34387287,1,0,4,929.0,0.0,,929,,
s1042,2,0,4,929.0,338.0,591.0,1267,,
cgk 733,2,0,4,929.5,474.5,455.0,1404,,
BRD-K28789065,1,0,4,930.0,0.0,,930,,
BRD-K49094915,1,0,4,931.0,0.0,,931,,
isoxsuprine hydrochloride,1,0,4,932.0,0.0,,932,,
arg-a1-22 brd-k91349888,2,0,4,933.5,416.5,517.0,1350,,
BRD-K16541732,1,0,4,934.0,0.0,,934,,
BRD-K67870070,2,0,4,935.5,317.5,618.0,1253,,
BRD-U64289953,1,0,4,936.0,0.0,,936,,
np-000732,1,0,4,937.0,0.0,,937,,
ncgc00189555-02,1,0,4,938.0,0.0,,938,,
BRD-K07023879,2,0,4,938.5,752.5,186.0,1691,,
BRD-K66792149,2,0,4,940.0,196.0,744.0,1136,,
BRD-K71935468,2,0,4,940.0,506.0,434.0,1446,,
cct 018159,2,0,4,940.5,586.5,354.0,1527,,
mw-a1-12,2,0,4,942.0,500.0,442.0,1442,,
ncgc00185090-03,2,0,4,942.0,402.0,540.0,1344,,
BRD-K78373679,1,0,4,943.0,0.0,,943,,
amiloride hydrochloride dihydrate,1,0,4,944.0,0.0,,944,,
puromycin dihydrochloride,2,0,4,945.0,785.0,160.0,1730,,
taxol,1,0,4,945.0,0.0,,945,,
BRD-K32836707,1,0,4,946.0,0.0,,946,,
cyt997,2,0,4,946.0,246.0,700.0,1192,,
BRD-K86761848,2,0,4,946.5,458.5,488.0,1405,,
BRD-K10906552,2,0,4,947.0,779.0,168.0,1726,,
BRD-K78633253,1,0,4,947.0,0.0,,947,,
p0030,2,0,4,949.0,712.0,237.0,1661,,
BRD-K03736784,2,0,4,950.0,712.0,238.0,1662,,
medrysone,1,0,4,950.0,0.0,,950,,
mls-0106435.0004,1,0,4,951.0,0.0,,951,,
pj 34 hydrochloride,1,0,4,953.0,0.0,,953,,
tivozanib,1,0,4,955.0,0.0,,955,,
linezolid,1,0,4,956.0,0.0,,956,,
BRD-A43640821,2,0,4,958.0,629.0,329.0,1587,,
ed csc 15,1,0,4,961.0,0.0,,961,,
BRD-A75301702,1,0,4,963.0,0.0,,963,,
t542500,3,0,4,963.3333333333334,715.9000550976994,706.0,1940,244.0,
leflunomide,1,0,4,966.0,0.0,,966,,
daunorubicin,2,0,4,968.0,846.0,122.0,1814,,
mls-0315871.0001,1,0,4,968.0,0.0,,968,,
vu0365114-2,2,0,4,968.0,515.0,453.0,1483,,
ag-879,2,0,4,968.5,385.5,583.0,1354,,
cabergoline,1,0,4,969.0,0.0,,969,,
"amethopterin (r,s)",1,0,4,973.0,0.0,,973,,
KW-2449,2,0,4,973.5,362.5,611.0,1336,,
BRD-K79554012,1,0,4,974.0,0.0,,974,,
fenbendazole,2,0,4,974.0,663.0,311.0,1637,,
BRD-K04923131,1,0,4,975.0,0.0,,975,,
BRD-K83336168,1,0,4,976.0,0.0,,976,,
BRD-K08448573,2,0,4,978.0,495.0,483.0,1473,,
paclitaxel,2,0,4,979.0,311.0,668.0,1290,,
retinoic acid,1,0,4,981.0,0.0,,981,,
k784-3188,2,0,4,981.5,585.5,396.0,1567,,
BRD-A20697603,2,0,4,983.0,488.0,495.0,1471,,
gr-239,1,0,4,983.0,0.0,,983,,
mwp00339,1,0,4,985.0,0.0,,985,,
"l-701,252",1,0,4,986.0,0.0,,986,,
BRD-K85123403,2,0,4,986.5,463.5,523.0,1450,,
emetine dihydrochloride hydrate (74),2,0,4,988.0,339.0,649.0,1327,,
ipratropium bromide,1,0,4,988.0,0.0,,988,,
s1475,2,0,4,989.5,232.5,757.0,1222,,
BRD-K69159985,1,0,4,990.0,0.0,,990,,
pik-90,2,0,4,990.5,597.5,393.0,1588,,
BRD-K37043259,1,0,4,991.0,0.0,,991,,
ncgc00167098-01,2,0,4,991.5,885.5,106.0,1877,,
ketoprofen,1,0,4,993.0,0.0,,993,,
ag 18,1,0,4,994.0,0.0,,994,,
sb 216763,1,0,4,995.0,0.0,,995,,
triciribine,2,0,4,996.5,517.5,479.0,1514,,
tridihexethyl chloride,1,0,4,998.0,0.0,,998,,
protein tyrosine phosphatase inhibitor iv,1,0,4,999.0,0.0,,999,,
psb 36,2,0,4,1000.5,372.5,628.0,1373,,
BRD-K74949371,1,0,4,1001.0,0.0,,1001,,
mls-0327420.0002,1,0,4,1002.0,0.0,,1002,,
benzoxiquine,1,0,4,1003.0,0.0,,1003,,
p8624,1,0,4,1004.0,0.0,,1004,,
BRD-A49848186,2,0,4,1004.5,554.5,450.0,1559,,
BRD-A52193669,2,0,4,1004.5,431.5,573.0,1436,,
BRD-K42021584,1,0,4,1005.0,0.0,,1005,,
bms-536924,2,0,4,1005.0,380.0,625.0,1385,,
tw 37,2,0,4,1005.5,762.5,243.0,1768,,
b675700.cdx,3,0,4,1006.3333333333334,745.4914859041353,754.0,2019,246.0,
danazol,1,0,4,1007.0,0.0,,1007,,
mls-0435541.0001,1,0,4,1008.0,0.0,,1008,,
BRD-K83670234,1,0,4,1009.0,0.0,,1009,,
s1022,2,0,4,1009.5,335.5,674.0,1345,,
l 161982,1,0,4,1010.0,0.0,,1010,,
bufalin,2,0,4,1012.5,540.5,472.0,1553,,
n-benzylnaltrindole hydrochloride,1,0,4,1013.0,0.0,,1013,,
BRD-K25737009,2,0,4,1014.0,445.0,569.0,1459,,
BRD-K73155123,1,0,4,1014.0,0.0,,1014,,
ac-1121,2,0,4,1014.5,290.5,724.0,1305,,
penicillin g potassium,1,0,4,1015.0,0.0,,1015,,
BRD-K70977695,1,0,4,1016.0,0.0,,1016,,
1391-0741,2,0,4,1016.5,461.5,555.0,1478,,
BRD-K45842176,1,0,4,1017.0,0.0,,1017,,
nocodazole,2,0,4,1017.5,484.5,533.0,1502,,
m-3m3fbs,2,0,4,1018.5,278.5,740.0,1297,,
mdl-28170,1,0,4,1019.0,0.0,,1019,,
BRD-K14681867,1,0,4,1020.0,0.0,,1020,,
BRD-K68548958,2,0,4,1021.5,333.5,688.0,1355,,
ticlopidine hydrochloride,1,0,4,1022.0,0.0,,1022,,
BRD-K89626439,1,0,4,1023.0,0.0,,1023,,
s1017,2,0,4,1024.0,672.0,352.0,1696,,
BRD-K31841256,1,0,4,1026.0,0.0,,1026,,
itraconazole,1,0,4,1027.0,0.0,,1027,,
bay 11-7821,2,0,4,1029.5,387.5,642.0,1417,,
pd 407824,2,0,4,1029.5,266.5,763.0,1296,,
cp 93129 dihydrochloride,1,0,4,1030.0,0.0,,1030,,
BRD-A83124583,1,0,4,1031.0,0.0,,1031,,
ncgc00188536-01,2,0,4,1031.5,611.5,420.0,1643,,
nsc 693868,1,0,4,1032.0,0.0,,1032,,
b4313,2,0,4,1032.5,353.5,679.0,1386,,
pravastatin sodium salt,1,0,4,1034.0,0.0,,1034,,
orlistat,1,0,4,1035.0,0.0,,1035,,
cimetidine,1,0,4,1036.0,0.0,,1036,,
BRD-K53780220,2,0,4,1037.0,320.0,717.0,1357,,
ro 08-2750,1,0,4,1039.0,0.0,,1039,,
BRD-K06476055,1,0,4,1041.0,0.0,,1041,,
ncgc00242337-01,1,0,4,1042.0,0.0,,1042,,
dubinidine,1,0,4,1044.0,0.0,,1044,,
mafenide hydrochloride,1,0,4,1046.0,0.0,,1046,,
aminolevulinic acid,1,0,4,1047.0,0.0,,1047,,
BRD-K05153001,2,0,4,1047.5,534.5,513.0,1582,,
s1107,1,0,4,1048.0,0.0,,1048,,
BRD-A80574334,1,0,4,1049.0,0.0,,1049,,
testosterone propionate,2,0,4,1050.0,716.0,334.0,1766,,
abt-751,2,0,4,1051.0,680.0,371.0,1731,,
tacrolimus,2,0,4,1051.5,451.5,600.0,1503,,
BRD-K76938712,2,0,4,1052.0,646.0,406.0,1698,,
acetylcysteine,1,0,4,1053.0,0.0,,1053,,
diphenoxylate,1,0,4,1056.0,0.0,,1056,,
thapsigargin,2,0,4,1056.5,467.5,589.0,1524,,
le 135,2,0,4,1057.0,527.0,530.0,1584,,
ALW-II-49-7,2,0,4,1059.5,271.5,788.0,1331,,
strophantine octahydrate,1,0,4,1061.0,0.0,,1061,,
BRD-K94325918,2,0,4,1062.0,410.0,652.0,1472,,
antimycin a,2,0,4,1062.0,635.0,427.0,1697,,
BRD-K65904652,1,0,4,1064.0,0.0,,1064,,
gw 843682x,2,0,4,1066.0,394.0,672.0,1460,,
ncgc00188531-01,1,0,4,1067.0,0.0,,1067,,
jzl-184,1,0,4,1068.0,0.0,,1068,,
BRD-K16533489,2,0,4,1069.0,899.0,170.0,1968,,
BRD-K76698671,1,0,4,1070.0,0.0,,1070,,
gemcitabine,2,0,4,1070.0,520.0,550.0,1590,,
BRD-U86222656,1,0,4,1071.0,0.0,,1071,,
5-fluorouracil,1,0,4,1072.0,0.0,,1072,,
s1216,2,0,4,1072.0,295.0,777.0,1367,,
vinorelbine,2,0,4,1072.5,872.5,200.0,1945,,
BRD-K91701654,2,0,4,1073.0,621.0,452.0,1694,,
paxilline,1,0,4,1073.0,0.0,,1073,,
BRD-A19248578,1,0,4,1074.0,0.0,,1074,,
BRD-K12762134,1,0,4,1075.0,0.0,,1075,,
topotecan hcl,2,0,4,1075.0,601.0,474.0,1676,,
BRD-K72161580,1,0,4,1076.0,0.0,,1076,,
l-6307,2,0,4,1076.5,567.5,509.0,1644,,
BRD-K93443135,1,0,4,1077.0,0.0,,1077,,
"2,5-dideoxyadenosine",1,0,4,1078.0,0.0,,1078,,
BRD-K14788918,2,0,4,1079.0,310.0,769.0,1389,,
ncgc00188535-01,1,0,4,1079.0,0.0,,1079,,
ei-293,2,0,4,1080.0,644.0,436.0,1724,,
sc-68376,1,0,4,1081.0,0.0,,1081,,
desoxymetasone,1,0,4,1082.0,0.0,,1082,,
BRD-K84450674,1,0,4,1084.0,0.0,,1084,,
tomoxetine hydrochloride,1,0,4,1085.0,0.0,,1085,,
ro 28-1675 ?,2,0,4,1085.5,395.5,690.0,1481,,
purmorphamine,1,0,4,1086.0,0.0,,1086,,
qs 11,1,0,4,1087.0,0.0,,1087,,
d-64131,2,0,4,1087.5,748.5,339.0,1836,,
BRD-K86027709,1,0,4,1088.0,0.0,,1088,,
BRD-K99582188,2,0,4,1088.0,870.0,218.0,1958,,
s1249,2,0,4,1088.0,291.0,797.0,1379,,
ncgc00182382-01,1,0,4,1089.0,0.0,,1089,,
thioridazine hydrochloride,2,0,4,1089.0,424.0,665.0,1513,,
BRD-K35424586,2,0,4,1089.5,468.5,621.0,1558,,
rapamycin,2,0,4,1089.5,651.5,438.0,1741,,
benazepril hydrochloride,1,0,4,1090.0,0.0,,1090,,
BRD-K15563106,2,0,4,1091.5,457.5,634.0,1549,,
GDC-0068,2,0,4,1092.5,294.5,798.0,1387,,
piroxicam,1,0,4,1093.0,0.0,,1093,,
zileuton,2,0,4,1093.0,415.0,678.0,1508,,
ei-148,1,0,4,1094.0,0.0,,1094,,
BRD-K11663430,2,0,4,1095.0,496.0,599.0,1591,,
s1176,1,0,4,1095.0,0.0,,1095,,
BRD-K40373196,1,0,4,1096.0,0.0,,1096,,
jak3 inhibitor vi,2,0,4,1096.0,529.0,567.0,1625,,
mitotane,1,0,4,1097.0,0.0,,1097,,
s1014,2,0,4,1097.0,1035.0,62.0,2132,,
ncgc00182378-01,1,0,4,1098.0,0.0,,1098,,
atpa,1,0,4,1099.0,0.0,,1099,,
s-250,2,0,4,1099.0,671.0,428.0,1770,,
BRD-U25771771,2,0,4,1100.0,557.0,543.0,1657,,
megestrol acetate,2,0,4,1100.0,341.0,759.0,1441,,
BRD-A59145032,2,0,4,1100.5,649.5,451.0,1750,,
BRD-U32365159,1,0,4,1102.0,0.0,,1102,,
BRD-K65955264,2,0,4,1103.0,427.0,676.0,1530,,
s1080,1,0,4,1103.0,0.0,,1103,,
ncgc00183371-01,2,0,4,1103.5,591.5,512.0,1695,,
rs 39604 hydrochloride,1,0,4,1105.0,0.0,,1105,,
BRD-K55127335,2,0,4,1106.0,746.0,360.0,1852,,
arg-a1-2 brd-k39580048,1,0,4,1106.0,0.0,,1106,,
er 27319 maleate,2,0,4,1106.0,437.0,669.0,1543,,
fenbufen,1,0,4,1107.0,0.0,,1107,,
vu0365117-1,2,0,4,1107.0,630.0,477.0,1737,,
BRD-K35573744,1,0,4,1108.0,0.0,,1108,,
BRD-K01896723,2,0,4,1108.5,412.5,696.0,1521,,
BRD-K85853281,2,0,4,1108.5,378.5,730.0,1487,,
roscovitine,1,0,4,1109.0,0.0,,1109,,
amcinonide,1,0,4,1110.0,0.0,,1110,,
SB-239063,1,0,4,1111.0,0.0,,1111,,
gw 4064,1,0,4,1112.0,0.0,,1112,,
BRD-K52080565,2,0,4,1113.0,603.0,510.0,1716,,
BRD-K21773564,1,0,4,1115.0,0.0,,1115,,
BRD-K81473043,2,0,4,1115.0,462.0,653.0,1577,,
idarubicin hcl,2,0,4,1116.0,623.0,493.0,1739,,
BRD-K19220233,2,0,4,1116.5,443.5,673.0,1560,,
fenoterol hydrobromide,1,0,4,1117.0,0.0,,1117,,
oxibendazole,2,0,4,1119.0,438.0,681.0,1557,,
hy-50940,2,0,4,1119.5,336.5,783.0,1456,,
ncgc00185837-02,1,0,4,1120.0,0.0,,1120,,
BRD-K69852452,2,0,4,1123.0,488.0,635.0,1611,,
BRD-K71726959,2,0,4,1123.5,609.5,514.0,1733,,
isotretinoin,1,0,4,1124.0,0.0,,1124,,
hy-50767,2,0,4,1124.5,505.5,619.0,1630,,
ml 3163,1,0,4,1125.0,0.0,,1125,,
mw-ras12,2,0,4,1126.5,563.5,563.0,1690,,
kn-62,1,0,4,1127.0,0.0,,1127,,
dactinomycin,2,0,4,1129.0,434.0,695.0,1563,,
estradiol,2,0,4,1129.0,622.0,507.0,1751,,
hts 13363,1,0,4,1129.0,0.0,,1129,,
skf 96365 hydrochloride,2,0,4,1129.0,627.0,502.0,1756,,
BRD-K51443908,1,0,4,1130.0,0.0,,1130,,
ro 31-8220 mesylate,2,0,4,1130.0,470.0,660.0,1600,,
ly 303511,1,0,4,1131.0,0.0,,1131,,
fluvastatin,1,0,4,1132.0,0.0,,1132,,
BRD-K53414658,2,0,4,1132.5,440.5,692.0,1573,,
nortriptyline hydrochloride,1,0,4,1134.0,0.0,,1134,,
akt inhibitor x,2,0,4,1134.5,647.5,487.0,1782,,
ncgc00185094-01,2,0,4,1136.5,526.5,610.0,1663,,
s1130,1,0,4,1138.0,0.0,,1138,,
c3393m50,2,0,4,1138.5,371.5,767.0,1510,,
BRD-K44540157,1,0,4,1140.0,0.0,,1140,,
s1266,2,0,4,1140.0,501.0,639.0,1641,,
5-azacytidine,2,0,4,1142.0,396.0,746.0,1538,,
SYK-inhibitor,2,0,4,1142.0,394.0,748.0,1536,,
s1152,1,0,4,1142.0,0.0,,1142,,
niguldipine,2,0,4,1144.5,494.5,650.0,1639,,
BRD-K90735586,2,0,4,1145.0,490.0,655.0,1635,,
LY2603618,2,0,4,1145.0,609.0,536.0,1754,,
erk inhibitor 11e,1,0,4,1145.0,0.0,,1145,,
BRD-K78559095,1,0,4,1146.0,0.0,,1146,,
hki-272,2,0,4,1146.5,485.5,661.0,1632,,
BRD-A54632525,1,0,4,1147.0,0.0,,1147,,
purvalanol a,2,0,4,1147.0,559.0,588.0,1706,,
vincristine sulfate,2,0,4,1147.0,436.0,711.0,1583,,
pkcbeta inhibitor,2,0,4,1147.5,538.5,609.0,1686,,
PHA-767491,1,0,4,1148.0,0.0,,1148,,
BRD-K19295594,2,0,4,1150.0,416.0,734.0,1566,,
devazepide,2,0,4,1150.0,366.0,784.0,1516,,
ncgc00180994-01,2,0,4,1151.5,396.5,755.0,1548,,
s1172,1,0,4,1152.0,0.0,,1152,,
BRD-K58479490,2,0,4,1152.5,440.5,712.0,1593,,
nu 1025,1,0,4,1153.0,0.0,,1153,,
BRD-U32049204,1,0,4,1154.0,0.0,,1154,,
ei-215,2,0,4,1155.0,504.0,651.0,1659,,
BRD-K37194137,2,0,4,1155.5,565.5,590.0,1721,,
BRD-U00779237,2,0,4,1155.5,493.5,662.0,1649,,
stock1n-27488,1,0,4,1156.0,0.0,,1156,,
ei-286,1,0,4,1157.0,0.0,,1157,,
BRD-K98824517,2,0,4,1157.5,871.5,286.0,2029,,
BRD-A11087911,1,0,4,1158.0,0.0,,1158,,
nafadotride,1,0,4,1161.0,0.0,,1161,,
trimipramine maleate salt,1,0,4,1162.0,0.0,,1162,,
remoxipride hydrochloride,1,0,4,1163.0,0.0,,1163,,
bibu 1361 dihydrochloride,1,0,4,1165.0,0.0,,1165,,
hy-10044,2,0,4,1165.0,548.0,617.0,1713,,
podofilox,2,0,4,1165.0,447.0,718.0,1612,,
deguelin(-),1,0,4,1166.0,0.0,,1166,,
mestanolone,2,0,4,1167.5,789.5,378.0,1957,,
ay 9944,1,0,4,1168.0,0.0,,1168,,
vu0418947-2,2,0,4,1168.0,433.0,735.0,1601,,
BRD-K92158425,2,0,4,1168.5,423.5,745.0,1592,,
BRD-K18163752,1,0,4,1169.0,0.0,,1169,,
jak3 inhibitor i,1,0,4,1170.0,0.0,,1170,,
prednisolone acetate,1,0,4,1171.0,0.0,,1171,,
BRD-K53423944,1,0,4,1172.0,0.0,,1172,,
BRD-K60870698,2,0,4,1173.0,631.0,542.0,1804,,
BRD-K80346834,1,0,4,1174.0,0.0,,1174,,
tegaserod,2,0,4,1174.5,590.5,584.0,1765,,
BRD-A60245366,2,0,4,1177.0,454.0,723.0,1631,,
ncgc00184834-01,1,0,4,1178.0,0.0,,1178,,
BRD-K31342827,2,0,4,1179.5,523.5,656.0,1703,,
s1005,1,0,4,1181.0,0.0,,1181,,
BRD-K65050353,2,0,4,1182.5,630.5,552.0,1813,,
BRD-K12401458,1,0,4,1184.0,0.0,,1184,,
BRD-K05977823,1,0,4,1185.0,0.0,,1185,,
BRD-A25337146,1,0,4,1189.0,0.0,,1189,,
BRD-K60379529,1,0,4,1190.0,0.0,,1190,,
pf 750,2,0,4,1190.5,603.5,587.0,1794,,
parbendazole,2,0,4,1191.0,528.0,663.0,1719,,
hy-11005,1,0,4,1195.0,0.0,,1195,,
BRD-K08316444,2,0,4,1196.0,698.0,498.0,1894,,
testosterone,2,0,4,1197.0,621.0,576.0,1818,,
BRD-K53610452,2,0,4,1198.0,628.0,570.0,1826,,
methoprene acid,1,0,4,1198.0,0.0,,1198,,
BRD-K28366633,2,0,4,1199.5,606.5,593.0,1806,,
BRD-U43867373,2,0,4,1199.5,448.5,751.0,1648,,
BRD-A86792397,1,0,4,1200.0,0.0,,1200,,
BRD-A84327315,1,0,4,1201.0,0.0,,1201,,
BRD-K58347372,1,0,4,1202.0,0.0,,1202,,
BRD-K16331660,1,0,4,1203.0,0.0,,1203,,
epicatechin monogallate,1,0,4,1204.0,0.0,,1204,,
a-275,2,0,4,1205.0,678.0,527.0,1883,,
urapidil hydrochloride,1,0,4,1205.0,0.0,,1205,,
KIN001-266,1,0,4,1206.0,0.0,,1206,,
KIN001-043,2,0,4,1207.0,493.0,714.0,1700,,
emd 386088 hydrochloride,1,0,4,1208.0,0.0,,1208,,
ncgc00181736-02,1,0,4,1209.0,0.0,,1209,,
BRD-K06765193,1,0,4,1210.0,0.0,,1210,,
nisoldipine,2,0,4,1211.0,482.0,729.0,1693,,
BRD-K15716662,1,0,4,1212.0,0.0,,1212,,
BRD-K86492010,1,0,4,1213.0,0.0,,1213,,
BRD-K04534322,2,0,4,1214.0,847.0,367.0,2061,,
mosapride,1,0,4,1214.0,0.0,,1214,,
daunorubicin hydrochloride,2,0,4,1215.0,731.0,484.0,1946,,
BRD-K90864987,1,0,4,1216.0,0.0,,1216,,
BRD-K39829853,1,0,4,1219.0,0.0,,1219,,
nan-190 hydrobromide,2,0,4,1219.5,675.5,544.0,1895,,
BRD-A68930007 (ouabain),1,0,4,1220.0,0.0,,1220,,
BRD-K54256913,2,0,4,1220.0,649.0,571.0,1869,,
loxapine succinate,1,0,4,1224.0,0.0,,1224,,
pivmecillinam hydrochloride,2,0,4,1224.5,623.5,601.0,1848,,
BRD-K35716340,1,0,4,1225.0,0.0,,1225,,
carmofur,1,0,4,1226.0,0.0,,1226,,
BRD-K91509126 (piceatannol),1,0,4,1227.0,0.0,,1227,,
fluocinolone acetonide,1,0,4,1228.0,0.0,,1228,,
bms-754807,2,0,4,1228.5,496.5,732.0,1725,,
doxorubicin hydrochloride,2,0,4,1229.5,599.5,630.0,1829,,
BRD-K61717269,2,0,4,1230.5,618.5,612.0,1849,,
"nf-kb activation inhibitor ii, jsh-23",1,0,4,1231.0,0.0,,1231,,
hexylcaine hydrochloride,1,0,4,1232.0,0.0,,1232,,
n-formylmethionylalanine,1,0,4,1233.0,0.0,,1233,,
BRD-K73567619,1,0,4,1234.0,0.0,,1234,,
ca-074-me,1,0,4,1235.0,0.0,,1235,,
BRD-K72615639,1,0,4,1236.0,0.0,,1236,,
evista,2,0,4,1237.0,573.0,664.0,1810,,
s1142,1,0,4,1238.0,0.0,,1238,,
"ly-165,163",1,0,4,1240.0,0.0,,1240,,
ncgc00165289-01,2,0,4,1241.5,681.5,560.0,1923,,
erythrosine sodium,1,0,4,1242.0,0.0,,1242,,
fostamatinib,2,0,4,1242.0,938.0,304.0,2180,,
BRD-K82732294,2,0,4,1243.0,456.0,787.0,1699,,
ei-156,2,0,4,1244.0,564.0,680.0,1808,,
gr 32191 hydrochloride,1,0,4,1245.0,0.0,,1245,,
hy-11009,2,0,4,1245.0,502.0,743.0,1747,,
d163-0113,1,0,4,1246.0,0.0,,1246,,
BRD-K32112425,1,0,4,1247.0,0.0,,1247,,
BRD-K46692335,1,0,4,1248.0,0.0,,1248,,
pd 160170,1,0,4,1249.0,0.0,,1249,,
syrosingopine,1,0,4,1250.0,0.0,,1250,,
as605240,2,0,4,1250.5,508.5,742.0,1759,,
sertraline hydrochloride,1,0,4,1251.0,0.0,,1251,,
BRD-K06666320,2,0,4,1253.0,578.0,675.0,1831,,
ncgc00187945-01,1,0,4,1254.0,0.0,,1254,,
BRD-K19540840,2,0,4,1254.5,472.5,782.0,1727,,
BRD-K77480336,2,0,4,1255.0,611.0,644.0,1866,,
isoflupredone acetate,1,0,4,1256.0,0.0,,1256,,
fk506,1,0,4,1257.0,0.0,,1257,,
yk 4-279,2,0,4,1257.5,495.5,762.0,1753,,
p233,1,0,4,1258.0,0.0,,1258,,
BRD-K58288048,2,0,4,1259.5,653.5,606.0,1913,,
hy-10459,2,0,4,1260.5,703.5,557.0,1964,,
BRD-K60070073,1,0,4,1262.0,0.0,,1262,,
glimepiride,1,0,4,1263.0,0.0,,1263,,
BRD-K64642496,2,0,4,1263.5,505.5,758.0,1769,,
BRD-K96433222,1,0,4,1264.0,0.0,,1264,,
ho-013,1,0,4,1265.0,0.0,,1265,,
BRD-A41451487,2,0,4,1265.5,868.5,397.0,2134,,
BRD-K34363599,2,0,4,1265.5,622.5,643.0,1888,,
BRD-K37150847,1,0,4,1266.0,0.0,,1266,,
BRD-K61175124,2,0,4,1266.5,583.5,683.0,1850,,
cilnidipine,1,0,4,1268.0,0.0,,1268,,
biperiden hydrochloride,1,0,4,1270.0,0.0,,1270,,
s1148,1,0,4,1271.0,0.0,,1271,,
BRD-K08307026,2,0,4,1272.0,636.0,636.0,1908,,
nafcillin sodium salt monohydrate,1,0,4,1272.0,0.0,,1272,,
ncgc00185684-02,2,0,4,1273.0,892.0,381.0,2165,,
ssr 69071,1,0,4,1273.0,0.0,,1273,,
minoxidil,1,0,4,1274.0,0.0,,1274,,
flubendazole,1,0,4,1275.0,0.0,,1275,,
su11652,1,0,4,1276.0,0.0,,1276,,
pheniramine maleate,1,0,4,1277.0,0.0,,1277,,
BRD-K58191509,1,0,4,1278.0,0.0,,1278,,
ncgc00241077-01,1,0,4,1282.0,0.0,,1282,,
BRD-K00627859,1,0,4,1283.0,0.0,,1283,,
homosalate,2,0,4,1283.0,558.0,725.0,1841,,
BRD-K05549170,1,0,4,1284.0,0.0,,1284,,
12k-613s,2,0,4,1284.5,543.5,741.0,1828,,
isoliquiritigenin,2,0,4,1285.0,645.0,640.0,1930,,
s1297,1,0,4,1285.0,0.0,,1285,,
mg-132,2,0,4,1286.0,718.0,568.0,2004,,
venlafaxine hcl,1,0,4,1287.0,0.0,,1287,,
kuc103885 kuc103885n,1,0,4,1289.0,0.0,,1289,,
sib 1893,2,0,4,1289.5,563.5,726.0,1853,,
clobenpropit dihydrobromide,2,0,4,1290.5,709.5,581.0,2000,,
BRD-K57480017,1,0,4,1291.0,0.0,,1291,,
glycopyrrolate,1,0,4,1292.0,0.0,,1292,,
cosmosiin,1,0,4,1293.0,0.0,,1293,,
BRD-K86682249,1,0,4,1294.0,0.0,,1294,,
BRD-K02562327,2,0,4,1295.0,658.0,637.0,1953,,
BRD-K85818861,2,0,4,1298.0,770.0,528.0,2068,,
CHIR-99021,2,0,4,1298.5,716.5,582.0,2015,,
4-aminosalicylic acid,1,0,4,1299.0,0.0,,1299,,
BRD-K68191783,2,0,4,1299.0,523.0,776.0,1822,,
BRD-K86472598,2,0,4,1301.5,545.5,756.0,1847,,
"l-690,330",1,0,4,1303.0,0.0,,1303,,
BRD-U44618005,1,0,4,1304.0,0.0,,1304,,
niguldipine hydrochloride,2,0,4,1304.5,515.5,789.0,1820,,
tipifarnib-p2,2,0,4,1304.5,532.5,772.0,1837,,
scoulerine,2,0,4,1305.0,673.0,632.0,1978,,
stk249718,1,0,4,1306.0,0.0,,1306,,
nsc 663284,1,0,4,1307.0,0.0,,1307,,
gsk-3b inhibitor viii,1,0,4,1308.0,0.0,,1308,,
cot-10b,2,0,4,1308.5,694.5,614.0,2003,,
BRD-K84091085,1,0,4,1309.0,0.0,,1309,,
6-diazo-5-oxo-l-norleucine,1,0,4,1310.0,0.0,,1310,,
mst- 312,1,0,4,1312.0,0.0,,1312,,
n-desmethylclozapine,1,0,4,1313.0,0.0,,1313,,
BRD-K11758216,1,0,4,1314.0,0.0,,1314,,
ite,1,0,4,1315.0,0.0,,1315,,
"l-690,488",1,0,4,1316.0,0.0,,1316,,
BRD-K70917163,1,0,4,1317.0,0.0,,1317,,
BRD-K57080016,2,0,4,1318.5,587.5,731.0,1906,,
alaproclate,1,0,4,1319.0,0.0,,1319,,
levonorgestrel,2,0,4,1320.5,745.5,575.0,2066,,
fipronil,1,0,4,1321.0,0.0,,1321,,
ncgc00167097-01,1,0,4,1322.0,0.0,,1322,,
moclobemide,2,0,4,1322.5,699.5,623.0,2022,,
ncgc00238548-02,2,0,4,1324.0,638.0,686.0,1962,,
BRD-K75477256,1,0,4,1325.0,0.0,,1325,,
carbacyclin,1,0,4,1326.0,0.0,,1326,,
BRD-K00007652,2,0,4,1327.0,634.0,693.0,1961,,
WZ-4002,2,0,4,1327.0,589.0,738.0,1916,,
cercosporin,2,0,4,1329.0,771.0,558.0,2100,,
"clomiphene citrate (z,e)",2,0,4,1329.0,619.0,710.0,1948,,
nsc 23766,1,0,4,1329.0,0.0,,1329,,
BRD-K35483542,1,0,4,1330.0,0.0,,1330,,
salsolinol hydrobromide,1,0,4,1332.0,0.0,,1332,,
BRD-A11702965,2,0,4,1332.5,552.5,780.0,1885,,
rifapentine,1,0,4,1333.0,0.0,,1333,,
BRD-K97926541,1,0,4,1334.0,0.0,,1334,,
paroxetine,2,0,4,1335.0,711.0,624.0,2046,,
tipifarnib-p1,1,0,4,1335.0,0.0,,1335,,
BRD-K72238567,2,0,4,1335.5,750.5,585.0,2086,,
BRD-K68007270,2,0,4,1337.0,598.0,739.0,1935,,
BRD-U73238814,1,0,4,1337.0,0.0,,1337,,
methylandrostenediol,2,0,4,1338.5,838.5,500.0,2177,,
BRD-A80960055,2,0,4,1339.0,681.0,658.0,2020,,
BRD-K55844427,2,0,4,1339.0,650.0,689.0,1989,,
"tamoxifen, 4-hydroxy-, (z)-",1,0,4,1339.0,0.0,,1339,,
BRD-K15885023,1,0,4,1340.0,0.0,,1340,,
hypericin,1,0,4,1341.0,0.0,,1341,,
ncgc00242340-01,1,0,4,1342.0,0.0,,1342,,
meclocycline sulfosalicylate,1,0,4,1343.0,0.0,,1343,,
z-leu3-vs,2,0,4,1344.0,677.0,667.0,2021,,
a-1065,2,0,4,1344.5,657.5,687.0,2002,,
aminopurvalanol a,2,0,4,1345.5,637.5,708.0,1983,,
pp 2,1,0,4,1346.0,0.0,,1346,,
11k-629s,2,0,4,1347.0,643.0,704.0,1990,,
BRD-K96621343,1,0,4,1347.0,0.0,,1347,,
sulconazole nitrate,1,0,4,1349.0,0.0,,1349,,
hy-70044,1,0,4,1352.0,0.0,,1352,,
hy-10161,2,0,4,1353.0,606.0,747.0,1959,,
16-hydroxytriptolide,2,0,4,1354.5,586.5,768.0,1941,,
rg 108,1,0,4,1356.0,0.0,,1356,,
BRD-A68065211,2,0,4,1356.5,628.5,728.0,1985,,
hispidin,1,0,4,1358.0,0.0,,1358,,
hy-11001,2,0,4,1358.0,621.0,737.0,1979,,
BRD-K15916856,2,0,4,1358.5,667.5,691.0,2026,,
nonoxynol-9,1,0,4,1359.0,0.0,,1359,,
BRD-K49861754,2,0,4,1360.0,731.0,629.0,2091,,
BRD-A00420644,1,0,4,1362.0,0.0,,1362,,
BRD-K68588778,1,0,4,1363.0,0.0,,1363,,
lumicolchicine gamma,1,0,4,1366.0,0.0,,1366,,
BRD-K45435259,1,0,4,1368.0,0.0,,1368,,
"androsta-1,4-dien-3,17-dione",2,0,4,1368.0,587.0,781.0,1955,,
brl 54443,1,0,4,1369.0,0.0,,1369,,
BRD-K37798499,2,0,4,1370.0,673.0,697.0,2043,,
tl hras26 brd-k01877528,1,0,4,1370.0,0.0,,1370,,
"n,n-hexamethyleneamiloride",1,0,4,1371.0,0.0,,1371,,
carbazol-9-yl-p-tolyl-methanone,2,0,4,1371.5,666.5,705.0,2038,,
BRD-K37865504,2,0,4,1372.0,653.0,719.0,2025,,
clomid,2,0,4,1372.0,602.0,770.0,1974,,
verteporfin,1,0,4,1372.0,0.0,,1372,,
arctigenin,1,0,4,1374.0,0.0,,1374,,
ncgc00182327-02,1,0,4,1375.0,0.0,,1375,,
BRD-K58214070,1,0,4,1376.0,0.0,,1376,,
BRD-K73418978,1,0,4,1377.0,0.0,,1377,,
piretanide,1,0,4,1381.0,0.0,,1381,,
cy 208-243,1,0,4,1382.0,0.0,,1382,,
norgestrel,2,0,4,1382.0,660.0,722.0,2042,,
palda,1,0,4,1383.0,0.0,,1383,,
vu0420364-1,2,0,4,1384.5,609.5,775.0,1994,,
BRD-K08463963,2,0,4,1388.5,773.5,615.0,2162,,
apo866,1,0,4,1390.0,0.0,,1390,,
BRD-A26199074,1,0,4,1391.0,0.0,,1391,,
ifenprodil tartrate,2,0,4,1392.0,761.0,631.0,2153,,
pravastatin sodium,1,0,4,1393.0,0.0,,1393,,
gw 583340 dihydrochloride,1,0,4,1395.0,0.0,,1395,,
r2146,1,0,4,1396.0,0.0,,1396,,
tamoxifen citrate,1,0,4,1397.0,0.0,,1397,,
ncgc00183226-01,2,0,4,1399.0,614.0,785.0,2013,,
BRD-K70251741,1,0,4,1400.0,0.0,,1400,,
BRD-K06405410,1,0,4,1401.0,0.0,,1401,,
triamcinolone,1,0,4,1403.0,0.0,,1403,,
BRD-K09485525,2,0,4,1403.5,654.5,749.0,2058,,
BRD-K34508425,2,0,4,1405.5,612.5,793.0,2018,,
rs 504393,1,0,4,1406.0,0.0,,1406,,
deoxycorticosterone,1,0,4,1407.0,0.0,,1407,,
BRD-K92980438,1,0,4,1410.0,0.0,,1410,,
mirtazapine,2,0,4,1411.0,690.0,721.0,2101,,
unc0321,1,0,4,1411.0,0.0,,1411,,
BRD-A93393712,2,0,4,1412.5,620.5,792.0,2033,,
BRD-A11929187,2,0,4,1413.0,663.0,750.0,2076,,
l-cis-diltiazem,2,0,4,1413.0,661.0,752.0,2074,,
sulindac,1,0,4,1413.0,0.0,,1413,,
resveratrol,1,0,4,1414.0,0.0,,1414,,
azacytidine-5,2,0,4,1415.0,761.0,654.0,2176,,
ncgc00182607-01,1,0,4,1415.0,0.0,,1415,,
sericetin,1,0,4,1416.0,0.0,,1416,,
SB-203580,2,0,4,1417.5,684.5,733.0,2102,,
cay10618,1,0,4,1418.0,0.0,,1418,,
triptolide,2,0,4,1420.5,641.5,779.0,2062,,
hydrocortisone phosphate triethylamine,1,0,4,1421.0,0.0,,1421,,
BRD-K32501161,2,0,4,1421.5,694.5,727.0,2116,,
16beta-bromoandrosterone,1,0,4,1422.0,0.0,,1422,,
nizatidine,1,0,4,1423.0,0.0,,1423,,
cgp 37157,1,0,4,1424.0,0.0,,1424,,
thiostrepton,2,0,4,1424.5,777.5,647.0,2202,,
ncgc00182942-03,1,0,4,1425.0,0.0,,1425,,
BRD-K12393722,1,0,4,1426.0,0.0,,1426,,
a2478,1,0,4,1427.0,0.0,,1427,,
propyl-beta-carboline-3-carboxylate,1,0,4,1428.0,0.0,,1428,,
BRD-K97534490,1,0,4,1430.0,0.0,,1430,,
estradiol benzoate,1,0,4,1431.0,0.0,,1431,,
src kinase inhibitor ii,1,0,4,1432.0,0.0,,1432,,
indirubin-3-oxime,1,0,4,1433.0,0.0,,1433,,
BRD-U31801276,1,0,4,1434.0,0.0,,1434,,
auranofin,1,0,4,1435.0,0.0,,1435,,
BRD-K89843224,1,0,4,1437.0,0.0,,1437,,
BRD-K45044657,1,0,4,1438.0,0.0,,1438,,
rev-5901,1,0,4,1440.0,0.0,,1440,,
BRD-K97936712,1,0,4,1443.0,0.0,,1443,,
zd 2079 hydrochloride,1,0,4,1444.0,0.0,,1444,,
baccatin iii,1,0,4,1445.0,0.0,,1445,,
amlodipine besylate,1,0,4,1447.0,0.0,,1447,,
spb02137,1,0,4,1448.0,0.0,,1448,,
BRD-K24031526,2,0,4,1450.5,672.5,778.0,2123,,
mek1/2 inhibitor,1,0,4,1451.0,0.0,,1451,,
BRD-A40431293,2,0,4,1452.0,737.0,715.0,2189,,
BRD-K20000640,1,0,4,1452.0,0.0,,1452,,
norgestimate,1,0,4,1453.0,0.0,,1453,,
sericetin dimethyl ether,1,0,4,1454.0,0.0,,1454,,
BRD-A37735495,2,0,4,1455.0,689.0,766.0,2144,,
hycanthone,2,0,4,1456.0,662.0,794.0,2118,,
gw 9508,1,0,4,1457.0,0.0,,1457,,
itavastatin ca,2,0,4,1458.0,684.0,774.0,2142,,
ncgc00238427-01,1,0,4,1458.0,0.0,,1458,,
sildenafil citrate,2,0,4,1460.5,689.5,771.0,2150,,
BRD-K30849099,1,0,4,1461.0,0.0,,1461,,
floxuridine,1,0,4,1462.0,0.0,,1462,,
ABT-737,2,0,4,1463.5,658.5,805.0,2122,,
thioguanosine,2,0,4,1463.5,664.5,799.0,2128,,
BRD-K28916077,1,0,4,1464.0,0.0,,1464,,
BRD-K77547509,1,0,4,1465.0,0.0,,1465,,
bo2 (inhibits rad51),1,0,4,1466.0,0.0,,1466,,
BRD-A72837804,1,0,4,1467.0,0.0,,1467,,
BRD-K07790824,1,0,4,1468.0,0.0,,1468,,
BRD-K84762162,1,0,4,1469.0,0.0,,1469,,
BRD-K19624190,1,0,4,1470.0,0.0,,1470,,
thiethylperazine dimalate,1,0,4,1474.0,0.0,,1474,,
BRD-K67619794,1,0,4,1475.0,0.0,,1475,,
pz0013,1,0,4,1477.0,0.0,,1477,,
pd 98059,1,0,4,1479.0,0.0,,1479,,
BRD-K60757524,1,0,4,1480.0,0.0,,1480,,
BRD-K28115298,2,0,4,1481.0,678.0,803.0,2159,,
BRD-K90826279,1,0,4,1482.0,0.0,,1482,,
ch 55,1,0,4,1484.0,0.0,,1484,,
carbamazepine,2,0,4,1485.0,685.0,800.0,2170,,
BRD-K43226598,2,0,4,1486.0,695.0,791.0,2181,,
skatole,1,0,4,1488.0,0.0,,1488,,
dmbi,1,0,4,1489.0,0.0,,1489,,
ncgc00182615-01,1,0,4,1490.0,0.0,,1490,,
bumetanide,1,0,4,1491.0,0.0,,1491,,
pipamperone,1,0,4,1492.0,0.0,,1492,,
"l-741,626",1,0,4,1493.0,0.0,,1493,,
solanine alpha,1,0,4,1495.0,0.0,,1495,,
bg fa 0953,1,0,4,1496.0,0.0,,1496,,
BRD-K39687892,2,0,4,1498.0,697.0,801.0,2195,,
BRD-A81541225,1,0,4,1499.0,0.0,,1499,,
"ici-162,846",1,0,4,1501.0,0.0,,1501,,
BRD-K78596368,1,0,4,1504.0,0.0,,1504,,
BRD-K67470788,1,0,4,1505.0,0.0,,1505,,
s1118,1,0,4,1511.0,0.0,,1511,,
2-(trifluoromethyl)-10h-phenothiazine,1,0,4,1512.0,0.0,,1512,,
t 98475,1,0,4,1515.0,0.0,,1515,,
s1140,1,0,4,1520.0,0.0,,1520,,
vu0424182-2,1,0,4,1522.0,0.0,,1522,,
s1104,1,0,4,1523.0,0.0,,1523,,
fluphenazine dihydrochloride,1,0,4,1525.0,0.0,,1525,,
tremulacin,1,0,4,1526.0,0.0,,1526,,
pregnenolone succinate,1,0,4,1528.0,0.0,,1528,,
hy-10966,1,0,4,1529.0,0.0,,1529,,
caffeic acid phenethyl ester,1,0,4,1531.0,0.0,,1531,,
BRD-K51556300,1,0,4,1532.0,0.0,,1532,,
BRD-K58853583,1,0,4,1534.0,0.0,,1534,,
BRD-K46373671,1,0,4,1535.0,0.0,,1535,,
stock2s-84516,1,0,4,1537.0,0.0,,1537,,
alprazolam,1,0,4,1540.0,0.0,,1540,,
ncgc00182609-01,1,0,4,1541.0,0.0,,1541,,
tocainide hydrochloride,1,0,4,1542.0,0.0,,1542,,
jfd02227,1,0,4,1544.0,0.0,,1544,,
5-nonyloxytryptamine,1,0,4,1546.0,0.0,,1546,,
endo-iwr 1,1,0,4,1547.0,0.0,,1547,,
dexamethasone,1,0,4,1550.0,0.0,,1550,,
ncgc00188530-01,1,0,4,1551.0,0.0,,1551,,
BRD-K70918941,1,0,4,1552.0,0.0,,1552,,
diflunisal,1,0,4,1554.0,0.0,,1554,,
BRD-K90999434,1,0,4,1556.0,0.0,,1556,,
BRD-K42499654,1,0,4,1561.0,0.0,,1561,,
flutamide,1,0,4,1564.0,0.0,,1564,,
BRD-K65242613,1,0,4,1565.0,0.0,,1565,,
BRD-K23282736,1,0,4,1568.0,0.0,,1568,,
BRD-K83213280,1,0,4,1569.0,0.0,,1569,,
n-(4-bromobenzyl)-5-methoxytryptamine,1,0,4,1570.0,0.0,,1570,,
ly-294002,1,0,4,1571.0,0.0,,1571,,
BRD-K79382620,1,0,4,1572.0,0.0,,1572,,
BRD-K38340366,1,0,4,1574.0,0.0,,1574,,
ritanserin,1,0,4,1575.0,0.0,,1575,,
mestranol,1,0,4,1576.0,0.0,,1576,,
BRD-K56111351,1,0,4,1579.0,0.0,,1579,,
oxfendazole,1,0,4,1580.0,0.0,,1580,,
lawsone,1,0,4,1581.0,0.0,,1581,,
MGCD-265,1,0,4,1585.0,0.0,,1585,,
BRD-A61825514,1,0,4,1589.0,0.0,,1589,,
"2,4-dideoxy-dc-45-a2",1,0,4,1594.0,0.0,,1594,,
bml-259,1,0,4,1595.0,0.0,,1595,,
ag 82,1,0,4,1596.0,0.0,,1596,,
coumarinic acid methyl ether,1,0,4,1599.0,0.0,,1599,,
IOX2,1,0,4,1602.0,0.0,,1602,,
k784-3131,1,0,4,1603.0,0.0,,1603,,
BRD-K62169556,1,0,4,1604.0,0.0,,1604,,
gsk2334470,1,0,4,1605.0,0.0,,1605,,
epibatidine (+/-),1,0,4,1606.0,0.0,,1606,,
glyburide,1,0,4,1607.0,0.0,,1607,,
BRD-K52911425,1,0,4,1608.0,0.0,,1608,,
norethindrone,1,0,4,1609.0,0.0,,1609,,
flunisolide,1,0,4,1610.0,0.0,,1610,,
diloxanide furoate,1,0,4,1613.0,0.0,,1613,,
isradipine,1,0,4,1615.0,0.0,,1615,,
jak3 inhibitor v,1,0,4,1616.0,0.0,,1616,,
BRD-K73125384,1,0,4,1617.0,0.0,,1617,,
BRD-K94390040,1,0,4,1618.0,0.0,,1618,,
BRD-A35020550,1,0,4,1619.0,0.0,,1619,,
ppt,1,0,4,1620.0,0.0,,1620,,
chlormadinone acetate,1,0,4,1621.0,0.0,,1621,,
BRD-K88551539,1,0,4,1622.0,0.0,,1622,,
hy-11004,1,0,4,1623.0,0.0,,1623,,
ranitidine hydrochloride,1,0,4,1624.0,0.0,,1624,,
irbesartan,1,0,4,1626.0,0.0,,1626,,
"mapp, d-erythro",1,0,4,1627.0,0.0,,1627,,
"9-amino-1,2,3,4-tetrahydroacridine",1,0,4,1628.0,0.0,,1628,,
kb-r7943 mesylate,1,0,4,1629.0,0.0,,1629,,
v2264,1,0,4,1633.0,0.0,,1633,,
w-7 hydrochloride,1,0,4,1634.0,0.0,,1634,,
(-)-gallocatechin gallate,1,0,4,1636.0,0.0,,1636,,
cis-(z)-flupenthixol,1,0,4,1638.0,0.0,,1638,,
BRD-K93215584,1,0,4,1640.0,0.0,,1640,,
cefixime,1,0,4,1642.0,0.0,,1642,,
c247,1,0,4,1645.0,0.0,,1645,,
c8273,1,0,4,1646.0,0.0,,1646,,
chloroxine,1,0,4,1647.0,0.0,,1647,,
ncgc00167398-02,1,0,4,1650.0,0.0,,1650,,
pentobarbital,1,0,4,1651.0,0.0,,1651,,
progesterone,1,0,4,1653.0,0.0,,1653,,
ossk 645683,1,0,4,1654.0,0.0,,1654,,
bifemelane hydrochloride,1,0,4,1656.0,0.0,,1656,,
BRD-K53932786,1,0,4,1658.0,0.0,,1658,,
BRD-K90697054,1,0,4,1660.0,0.0,,1660,,
dibutyrylcyclic amp,1,0,4,1664.0,0.0,,1664,,
zoxazolamine,1,0,4,1665.0,0.0,,1665,,
gr 127935 hydrochloride,1,0,4,1666.0,0.0,,1666,,
BRD-U51951544,1,0,4,1667.0,0.0,,1667,,
ncgc00183247-01,1,0,4,1668.0,0.0,,1668,,
hy-10181,1,0,4,1669.0,0.0,,1669,,
BRD-K18595892,1,0,4,1671.0,0.0,,1671,,
ncgc00181233-01,1,0,4,1672.0,0.0,,1672,,
BRD-K23673040,1,0,4,1673.0,0.0,,1673,,
BRD-K89451433,1,0,4,1675.0,0.0,,1675,,
hy-11068,1,0,4,1677.0,0.0,,1677,,
ciclopirox ethanolamine,1,0,4,1678.0,0.0,,1678,,
sdz nkt 343,1,0,4,1679.0,0.0,,1679,,
albendazole,1,0,4,1680.0,0.0,,1680,,
BRD-K09854848,1,0,4,1681.0,0.0,,1681,,
BRD-K11362964,1,0,4,1683.0,0.0,,1683,,
BRD-K96704648,1,0,4,1685.0,0.0,,1685,,
modafinil,1,0,4,1687.0,0.0,,1687,,
mbcq,1,0,4,1689.0,0.0,,1689,,
BRD-A50774520,1,0,4,1692.0,0.0,,1692,,
mesoridazine besylate,1,0,4,1701.0,0.0,,1701,,
BRD-A06641369,1,0,4,1702.0,0.0,,1702,,
lanatoside c,1,0,4,1704.0,0.0,,1704,,
pd 158780,1,0,4,1705.0,0.0,,1705,,
BRD-K11558771,1,0,4,1707.0,0.0,,1707,,
jlk 6,1,0,4,1708.0,0.0,,1708,,
"chrysene-1,4-quinone",1,0,4,1709.0,0.0,,1709,,
memantine hydrochloride,1,0,4,1710.0,0.0,,1710,,
skf 81297 hydrobromide,1,0,4,1711.0,0.0,,1711,,
hy-10344,1,0,4,1712.0,0.0,,1712,,
BRD-K51998148,1,0,4,1714.0,0.0,,1714,,
fludarabine,1,0,4,1715.0,0.0,,1715,,
BRD-K45253154,1,0,4,1717.0,0.0,,1717,,
ncgc00183388-01,1,0,4,1718.0,0.0,,1718,,
wiskostatin,1,0,4,1720.0,0.0,,1720,,
sinensetin,1,0,4,1722.0,0.0,,1722,,
cid 755673,1,0,4,1723.0,0.0,,1723,,
psb 06126,1,0,4,1728.0,0.0,,1728,,
ncgc00188740-01,1,0,4,1729.0,0.0,,1729,,
isorotenone,1,0,4,1732.0,0.0,,1732,,
fgin-1-27,1,0,4,1734.0,0.0,,1734,,
mdl 72222,1,0,4,1735.0,0.0,,1735,,
BRD-K42489623,1,0,4,1736.0,0.0,,1736,,
BRD-K76236182,1,0,4,1738.0,0.0,,1738,,
BRD-K14880289,1,0,4,1740.0,0.0,,1740,,
BRD-K94127894,1,0,4,1743.0,0.0,,1743,,
quinine hemisulfate salt monohydrate,1,0,4,1745.0,0.0,,1745,,
BRD-K31491153,1,0,4,1746.0,0.0,,1746,,
jnj 10191584 maleate,1,0,4,1748.0,0.0,,1748,,
s1485,1,0,4,1749.0,0.0,,1749,,
BRD-A05565054,1,0,4,1752.0,0.0,,1752,,
(+)-3-hydroxy-n-methylmorphinan d-tartrate,1,0,4,1755.0,0.0,,1755,,
BRD-K39866321,1,0,4,1757.0,0.0,,1757,,
fluspirilen,1,0,4,1763.0,0.0,,1763,,
BRD-K96072942,1,0,4,1764.0,0.0,,1764,,
ozagrel hydrochloride,1,0,4,1767.0,0.0,,1767,,
cytarabine,1,0,4,1771.0,0.0,,1771,,
sb 415286,1,0,4,1772.0,0.0,,1772,,
flumethasone,1,0,4,1774.0,0.0,,1774,,
BRD-K89329876,1,0,4,1775.0,0.0,,1775,,
gr-237,1,0,4,1776.0,0.0,,1776,,
BRD-K51791390,1,0,4,1777.0,0.0,,1777,,
altrenogest,1,0,4,1779.0,0.0,,1779,,
BRD-K93568044 (hydrocortisone),1,0,4,1780.0,0.0,,1780,,
BRD-K83509924,1,0,4,1781.0,0.0,,1781,,
"vegf receptor 3 kinase inhibitor, maz51",1,0,4,1783.0,0.0,,1783,,
BRD-K06436323,1,0,4,1787.0,0.0,,1787,,
vincristine,1,0,4,1789.0,0.0,,1789,,
mitoxantrone dihydrochloride,1,0,4,1790.0,0.0,,1790,,
BRD-K32238524,1,0,4,1791.0,0.0,,1791,,
hinokitiol,1,0,4,1792.0,0.0,,1792,,
p5172,1,0,4,1793.0,0.0,,1793,,
mw-a1-14 brd-k32010074,1,0,4,1795.0,0.0,,1795,,
ncgc00184830-01,1,0,4,1796.0,0.0,,1796,,
BRD-K64058329,1,0,4,1797.0,0.0,,1797,,
r(+)-skf-81297,1,0,4,1798.0,0.0,,1798,,
st001903,1,0,4,1799.0,0.0,,1799,,
thalidomide,1,0,4,1800.0,0.0,,1800,,
isocarboxazid,1,0,4,1801.0,0.0,,1801,,
way 213613,1,0,4,1802.0,0.0,,1802,,
BRD-K99633092,1,0,4,1803.0,0.0,,1803,,
isoeugenitol,1,0,4,1805.0,0.0,,1805,,
f4679,1,0,4,1807.0,0.0,,1807,,
chloroguanide hydrochloride,1,0,4,1809.0,0.0,,1809,,
u-0126,1,0,4,1811.0,0.0,,1811,,
FR-180204,1,0,4,1812.0,0.0,,1812,,
dcpib,1,0,4,1815.0,0.0,,1815,,
cyclo [arg-gly-asp-d-phe-val],1,0,4,1816.0,0.0,,1816,,
BRD-K25690923,1,0,4,1817.0,0.0,,1817,,
bw 723c86 hydrochloride,1,0,4,1819.0,0.0,,1819,,
olmesartan medoxomil,1,0,4,1821.0,0.0,,1821,,
rimcazole dihydrochloride,1,0,4,1823.0,0.0,,1823,,
cladribine,1,0,4,1825.0,0.0,,1825,,
BRD-K27170250,1,0,4,1827.0,0.0,,1827,,
dephostatin,1,0,4,1832.0,0.0,,1832,,
beclomethasone,1,0,4,1833.0,0.0,,1833,,
BRD-K79404599,1,0,4,1834.0,0.0,,1834,,
BRD-K82971429,1,0,4,1835.0,0.0,,1835,,
aristolochic acid,1,0,4,1838.0,0.0,,1838,,
praziquantel,1,0,4,1839.0,0.0,,1839,,
trimeprazine tartrate,1,0,4,1842.0,0.0,,1842,,
BRD-K77987635,1,0,4,1843.0,0.0,,1843,,
acitretin,1,0,4,1844.0,0.0,,1844,,
GSK-429286A,1,0,4,1845.0,0.0,,1845,,
cmpd-1,1,0,4,1846.0,0.0,,1846,,
BRD-K54687541,1,0,4,1851.0,0.0,,1851,,
bml-st330,1,0,4,1854.0,0.0,,1854,,
bas 02859604,1,0,4,1855.0,0.0,,1855,,
r-96544 hydrochloride,1,0,4,1856.0,0.0,,1856,,
balsalazide,1,0,4,1857.0,0.0,,1857,,
hemado,1,0,4,1858.0,0.0,,1858,,
doxylamine succinate,1,0,4,1859.0,0.0,,1859,,
kuc103428n,1,0,4,1860.0,0.0,,1860,,
emetine hydrochloride,1,0,4,1861.0,0.0,,1861,,
rho kinase inhibitor iii [rockout],1,0,4,1862.0,0.0,,1862,,
azasetron,1,0,4,1863.0,0.0,,1863,,
mls-0359128.0001,1,0,4,1864.0,0.0,,1864,,
hy-10456,1,0,4,1865.0,0.0,,1865,,
ci 976,1,0,4,1867.0,0.0,,1867,,
mdm2 inhibitor,1,0,4,1868.0,0.0,,1868,,
BRD-K15519488,1,0,4,1870.0,0.0,,1870,,
mls-0454415.0001,1,0,4,1871.0,0.0,,1871,,
BRD-K76079827,1,0,4,1872.0,0.0,,1872,,
losartan potassium,1,0,4,1873.0,0.0,,1873,,
metoprolol tartrate,1,0,4,1874.0,0.0,,1874,,
ossk 647368,1,0,4,1875.0,0.0,,1875,,
losartan,1,0,4,1876.0,0.0,,1876,,
cgp 7930,1,0,4,1878.0,0.0,,1878,,
BRD-K34966483,1,0,4,1879.0,0.0,,1879,,
aloisine a,1,0,4,1881.0,0.0,,1881,,
t 0070907,1,0,4,1882.0,0.0,,1882,,
BRD-U04166717,1,0,4,1884.0,0.0,,1884,,
s1527,1,0,4,1887.0,0.0,,1887,,
BRD-K85318537 (obaa),1,0,4,1889.0,0.0,,1889,,
BRD-K26304855,1,0,4,1890.0,0.0,,1890,,
btb06091sc,1,0,4,1891.0,0.0,,1891,,
evodiamine,1,0,4,1892.0,0.0,,1892,,
BRD-K65983740,1,0,4,1893.0,0.0,,1893,,
s1364,1,0,4,1896.0,0.0,,1896,,
BRD-K26300881,1,0,4,1897.0,0.0,,1897,,
mls-0435555.0001,1,0,4,1898.0,0.0,,1898,,
hydroxychloroquine sulfate,1,0,4,1899.0,0.0,,1899,,
clofarabine,1,0,4,1900.0,0.0,,1900,,
BRD-K30802967,1,0,4,1901.0,0.0,,1901,,
BRD-A18411371,1,0,4,1902.0,0.0,,1902,,
BRD-K94991378,1,0,4,1903.0,0.0,,1903,,
methyltestosterone,1,0,4,1904.0,0.0,,1904,,
flufenamic acid,1,0,4,1905.0,0.0,,1905,,
BRD-K35004659,1,0,4,1907.0,0.0,,1907,,
mls-0091943.0001,1,0,4,1909.0,0.0,,1909,,
BRD-K09186807,1,0,4,1910.0,0.0,,1910,,
y-27152,1,0,4,1911.0,0.0,,1911,,
ncgc00012508-02,1,0,4,1912.0,0.0,,1912,,
"ici 192,605",1,0,4,1914.0,0.0,,1914,,
BRD-K04363266,1,0,4,1915.0,0.0,,1915,,
mycophenolate mofetil,1,0,4,1917.0,0.0,,1917,,
mrs 1220,1,0,4,1918.0,0.0,,1918,,
budesonide,1,0,4,1919.0,0.0,,1919,,
zk 756326,1,0,4,1920.0,0.0,,1920,,
BRD-A81530502,1,0,4,1921.0,0.0,,1921,,
dm-100,1,0,4,1922.0,0.0,,1922,,
physostigmine salicylate,1,0,4,1924.0,0.0,,1924,,
ncgc00182361-01,1,0,4,1925.0,0.0,,1925,,
BRD-K56653679,1,0,4,1926.0,0.0,,1926,,
azathioprine,1,0,4,1927.0,0.0,,1927,,
BRD-K23644387,1,0,4,1928.0,0.0,,1928,,
SB-525334,1,0,4,1929.0,0.0,,1929,,
BRD-K66254772,1,0,4,1931.0,0.0,,1931,,
BRD-K41925105,1,0,4,1932.0,0.0,,1932,,
salmeterol,1,0,4,1933.0,0.0,,1933,,
BRD-K57353465,1,0,4,1934.0,0.0,,1934,,
psh 025,1,0,4,1936.0,0.0,,1936,,
pp 1,1,0,4,1937.0,0.0,,1937,,
immethridine dihydrobromide,1,0,4,1938.0,0.0,,1938,,
altanserin hydrochloride,1,0,4,1942.0,0.0,,1942,,
naringenine,1,0,4,1943.0,0.0,,1943,,
thioproperazine dimesylate,1,0,4,1947.0,0.0,,1947,,
ethisterone,1,0,4,1950.0,0.0,,1950,,
tyrphostin 47,1,0,4,1951.0,0.0,,1951,,
enrofloxacin,1,0,4,1952.0,0.0,,1952,,
BRD-K87387614,1,0,4,1954.0,0.0,,1954,,
elesclomol,1,0,4,1956.0,0.0,,1956,,
colchicine,1,0,4,1960.0,0.0,,1960,,
BRD-K61105081,1,0,4,1963.0,0.0,,1963,,
uk 356618,1,0,4,1965.0,0.0,,1965,,
BRD-K31688005,1,0,4,1966.0,0.0,,1966,,
BRD-K11795542,1,0,4,1967.0,0.0,,1967,,
gsk-3 inhibitor ii,1,0,4,1969.0,0.0,,1969,,
fenretinide,1,0,4,1970.0,0.0,,1970,,
cgs 15943,1,0,4,1971.0,0.0,,1971,,
CYT387,1,0,4,1972.0,0.0,,1972,,
vindesine,1,0,4,1973.0,0.0,,1973,,
kuc104135 kuc104135n,1,0,4,1975.0,0.0,,1975,,
structure possibly contains amino acid derivative which is not supported in current version!,1,0,4,1976.0,0.0,,1976,,
guanabenz acetate,1,0,4,1977.0,0.0,,1977,,
quizartinib,1,0,4,1980.0,0.0,,1980,,
avermectin b1a,1,0,4,1981.0,0.0,,1981,,
BRD-K67090983,1,0,4,1984.0,0.0,,1984,,
n-chlorophenyl-n-hexylpiperazine,1,0,4,1986.0,0.0,,1986,,
19-norethindrone,1,0,4,1987.0,0.0,,1987,,
h-8,1,0,4,1988.0,0.0,,1988,,
dibenzyline,1,0,4,1991.0,0.0,,1991,,
tinidazole,1,0,4,1992.0,0.0,,1992,,
BRD-K05104363,1,0,4,1993.0,0.0,,1993,,
diphenylcyclopropenone,1,0,4,1996.0,0.0,,1996,,
BRD-K53987746,1,0,4,1997.0,0.0,,1997,,
verapamil hydrochloride,1,0,4,1998.0,0.0,,1998,,
disulfiram,1,0,4,1999.0,0.0,,1999,,
km00799,1,0,4,2001.0,0.0,,2001,,
BRD-K00317371,1,0,4,2005.0,0.0,,2005,,
penicillin v,1,0,4,2006.0,0.0,,2006,,
dy131,1,0,4,2007.0,0.0,,2007,,
cgs 9343b,1,0,4,2008.0,0.0,,2008,,
mercaptopurine,1,0,4,2009.0,0.0,,2009,,
amitriptyline hydrochloride,1,0,4,2010.0,0.0,,2010,,
pterostilbene,1,0,4,2011.0,0.0,,2011,,
BRD-A76641868,1,0,4,2012.0,0.0,,2012,,
s1175,1,0,4,2014.0,0.0,,2014,,
fluvoxamine maleate,1,0,4,2016.0,0.0,,2016,,
nobiletin,1,0,4,2017.0,0.0,,2017,,
1-benzylimidazole,1,0,4,2023.0,0.0,,2023,,
BRD-K18861610,1,0,4,2024.0,0.0,,2024,,
cjd-pla-49-3,1,0,4,2027.0,0.0,,2027,,
leoidin dimethyl ether,1,0,4,2028.0,0.0,,2028,,
BRD-K63175663,1,0,4,2030.0,0.0,,2030,,
tibolone,1,0,4,2031.0,0.0,,2031,,
BRD-K88569143,1,0,4,2032.0,0.0,,2032,,
BRD-K88784410,1,0,4,2034.0,0.0,,2034,,
ncgc00184716-01,1,0,4,2035.0,0.0,,2035,,
BRD-K94544211,1,0,4,2036.0,0.0,,2036,,
THZ-2-98-01,1,0,4,2037.0,0.0,,2037,,
BRD-K22215695,1,0,4,2039.0,0.0,,2039,,
formoterol hemifumarate,1,0,4,2040.0,0.0,,2040,,
tremorine dihydrochloride,1,0,4,2041.0,0.0,,2041,,
BRD-K34294489,1,0,4,2044.0,0.0,,2044,,
idelalisib,1,0,4,2045.0,0.0,,2045,,
bambuterol hydrochloride,1,0,4,2047.0,0.0,,2047,,
cyproheptadine hydrochloride,1,0,4,2048.0,0.0,,2048,,
BRD-K60297835,1,0,4,2049.0,0.0,,2049,,
docetaxel,1,0,4,2050.0,0.0,,2050,,
l 655240,1,0,4,2051.0,0.0,,2051,,
s(+)-terguride,1,0,4,2052.0,0.0,,2052,,
BRD-A31312900,1,0,4,2053.0,0.0,,2053,,
bis-tyrphostin,1,0,4,2054.0,0.0,,2054,,
zm 306416 hydrochloride,1,0,4,2055.0,0.0,,2055,,
methyl 7-desoxypurpurogallin-7-carboxylate trimethyl ether,1,0,4,2056.0,0.0,,2056,,
podophyllotoxin,1,0,4,2057.0,0.0,,2057,,
15-delta prostaglandin j2,1,0,4,2059.0,0.0,,2059,,
BRD-A16820783,1,0,4,2060.0,0.0,,2060,,
t5345967,1,0,4,2063.0,0.0,,2063,,
BRD-K16309743,1,0,4,2064.0,0.0,,2064,,
BRD-K94580036,1,0,4,2065.0,0.0,,2065,,
cuneatin methyl ether,1,0,4,2067.0,0.0,,2067,,
mls-0390826,1,0,4,2069.0,0.0,,2069,,
BRD-K13665914,1,0,4,2070.0,0.0,,2070,,
ns-1619,1,0,4,2071.0,0.0,,2071,,
tripelennamine citrate,1,0,4,2072.0,0.0,,2072,,
BRD-K34968258,1,0,4,2073.0,0.0,,2073,,
cilostamide,1,0,4,2075.0,0.0,,2075,,
p1075,1,0,4,2077.0,0.0,,2077,,
BRD-K88278225,1,0,4,2078.0,0.0,,2078,,
BRD-K60218670,1,0,4,2079.0,0.0,,2079,,
ethacrynic acid,1,0,4,2080.0,0.0,,2080,,
ncgc00241726-01,1,0,4,2081.0,0.0,,2081,,
protriptyline hydrochloride,1,0,4,2082.0,0.0,,2082,,
metergoline,1,0,4,2083.0,0.0,,2083,,
vu0405172-2,1,0,4,2084.0,0.0,,2084,,
st209453,1,0,4,2085.0,0.0,,2085,,
iodipamide,1,0,4,2087.0,0.0,,2087,,
BRD-K58306044,1,0,4,2088.0,0.0,,2088,,
BRD-K32568627,1,0,4,2089.0,0.0,,2089,,
BRD-K42629487,1,0,4,2090.0,0.0,,2090,,
ncgc00241435-01,1,0,4,2092.0,0.0,,2092,,
BRD-K77690805,1,0,4,2093.0,0.0,,2093,,
y 134,1,0,4,2094.0,0.0,,2094,,
BRD-K27630941,1,0,4,2095.0,0.0,,2095,,
BRD-A18725729,1,0,4,2096.0,0.0,,2096,,
BRD-A81282034,1,0,4,2097.0,0.0,,2097,,
BRD-K74155249,1,0,4,2098.0,0.0,,2098,,
abt-888 (veliparib),1,0,4,2099.0,0.0,,2099,,
stock3s-04022,1,0,4,2103.0,0.0,,2103,,
gr-108,1,0,4,2104.0,0.0,,2104,,
BRD-K05326558,1,0,4,2105.0,0.0,,2105,,
BRD-K27484191,1,0,4,2106.0,0.0,,2106,,
atorvastatin,1,0,4,2107.0,0.0,,2107,,
felamidin,1,0,4,2108.0,0.0,,2108,,
s1174,1,0,4,2109.0,0.0,,2109,,
hoechst  33342 (cell permeable) (bisbenzimide),1,0,4,2110.0,0.0,,2110,,
ncgc00242296-02,1,0,4,2111.0,0.0,,2111,,
ehna,1,0,4,2112.0,0.0,,2112,,
splitomicin,1,0,4,2113.0,0.0,,2113,,
bmy 45778,1,0,4,2114.0,0.0,,2114,,
auraptene,1,0,4,2115.0,0.0,,2115,,
BRD-K23217072,1,0,4,2117.0,0.0,,2117,,
s1028,1,0,4,2119.0,0.0,,2119,,
etanidazole,1,0,4,2120.0,0.0,,2120,,
fulvestrant,1,0,4,2121.0,0.0,,2121,,
BRD-K48654774,1,0,4,2124.0,0.0,,2124,,
BRD-K26818574,1,0,4,2125.0,0.0,,2125,,
amuvatinib,1,0,4,2126.0,0.0,,2126,,
BRD-K82857306,1,0,4,2127.0,0.0,,2127,,
2-chloroadenosine,1,0,4,2129.0,0.0,,2129,,
dibenzepine hydrochloride,1,0,4,2130.0,0.0,,2130,,
phenothiazine,1,0,4,2131.0,0.0,,2131,,
BRD-K00366212,1,0,4,2133.0,0.0,,2133,,
epigallocatechin,1,0,4,2135.0,0.0,,2135,,
clemastine fumarate,1,0,4,2136.0,0.0,,2136,,
BRD-K37724988,1,0,4,2137.0,0.0,,2137,,
BRD-K34098590,1,0,4,2138.0,0.0,,2138,,
BRD-K98173387,1,0,4,2139.0,0.0,,2139,,
ncgc00183237-01,1,0,4,2140.0,0.0,,2140,,
BRD-A06929388,1,0,4,2141.0,0.0,,2141,,
brinzolamide,1,0,4,2143.0,0.0,,2143,,
bms 191011,1,0,4,2145.0,0.0,,2145,,
oxprenolol hydrochloride,1,0,4,2146.0,0.0,,2146,,
etomidate,1,0,4,2147.0,0.0,,2147,,
arachidonamide,1,0,4,2148.0,0.0,,2148,,
mammea a/ba + a/bb,1,0,4,2149.0,0.0,,2149,,
metixene hydrochloride,1,0,4,2151.0,0.0,,2151,,
BRD-K81538844,1,0,4,2152.0,0.0,,2152,,
pz0005,1,0,4,2154.0,0.0,,2154,,
BRD-A84102390,1,0,4,2155.0,0.0,,2155,,
gant 58,1,0,4,2156.0,0.0,,2156,,
zd 7155 hydrochloride,1,0,4,2157.0,0.0,,2157,,
BRD-K24051260,1,0,4,2158.0,0.0,,2158,,
ei-328,1,0,4,2160.0,0.0,,2160,,
candesartan,1,0,4,2161.0,0.0,,2161,,
bl-095,1,0,4,2163.0,0.0,,2163,,
"camptothecine (s,+)",1,0,4,2164.0,0.0,,2164,,
thiocolchicoside,1,0,4,2166.0,0.0,,2166,,
sch 442416,1,0,4,2167.0,0.0,,2167,,
norethindrone acetate,1,0,4,2168.0,0.0,,2168,,
dm-55-3 brd-k81592585,1,0,4,2169.0,0.0,,2169,,
ncgc00167107-01,1,0,4,2171.0,0.0,,2171,,
kuc104491 kuc104491n,1,0,4,2172.0,0.0,,2172,,
v-ama37,1,0,4,2173.0,0.0,,2173,,
nbqx disodium salt,1,0,4,2174.0,0.0,,2174,,
mk 212,1,0,4,2175.0,0.0,,2175,,
nitrofurazone,1,0,4,2178.0,0.0,,2178,,
bongkrekic acid,1,0,4,2179.0,0.0,,2179,,
BRD-K62818989,1,0,4,2182.0,0.0,,2182,,
OSI-930,1,0,4,2183.0,0.0,,2183,,
nadolol,1,0,4,2184.0,0.0,,2184,,
morantel tartrate,1,0,4,2185.0,0.0,,2185,,
BRD-K20123385,1,0,4,2186.0,0.0,,2186,,
pd 102807,1,0,4,2187.0,0.0,,2187,,
compound 58,1,0,4,2188.0,0.0,,2188,,
kuc103443n,1,0,4,2190.0,0.0,,2190,,
sr 142948,1,0,4,2191.0,0.0,,2191,,
SB-216763,1,0,4,2192.0,0.0,,2192,,
BRD-K60067222,1,0,4,2193.0,0.0,,2193,,
BRD-K37270826 (mifepristone),1,0,4,2194.0,0.0,,2194,,
s1452,1,0,4,2196.0,0.0,,2196,,
ncgc00188700-01,1,0,4,2197.0,0.0,,2197,,
mls-0437633.0003,1,0,4,2198.0,0.0,,2198,,
triamcinolone acetonide,1,0,4,2199.0,0.0,,2199,,
mefenamic acid,1,0,4,2200.0,0.0,,2200,,
veliparib,1,0,4,2201.0,0.0,,2201,,
