compound,configurations_present,top_k_frequency,evaluated_configurations,mean_rank,rank_sd,baseline,relaxed,stringent,multi-context
olaparib,4,3,4,56.0,92.38235762308732,3.0,216,4.0,1.0
tivozanib,4,3,4,394.25,677.667460853773,6.0,1568,1.0,2.0
BRD-K91509126 (piceatannol),2,2,4,7.5,5.5,13.0,2,,
piretanide,2,2,4,10.0,7.0,17.0,3,,
AZ-628,3,2,4,18.0,15.57776192739723,40.0,6,,8.0
RAF 265,3,2,4,23.0,15.748015748023622,45.0,15,,9.0
selumetinib,4,2,4,45.0,40.51542915976579,53.0,108,7.0,12.0
dabrafenib,3,2,4,69.33333333333333,84.78338411635987,16.0,189,,3.0
regorafenib,4,2,4,169.75,184.9761808990552,456.0,8,5.0,210.0
KW-2449,3,2,4,237.0,323.16043487201006,5.0,694,12.0,
st4066738,1,1,4,1.0,0.0,,1,,
BRD-K99616396,1,1,4,4.0,0.0,,4,,
hy-13001,1,1,4,5.0,0.0,,5,,
A66,1,1,4,7.0,0.0,,7,,
ag 555,1,1,4,12.0,0.0,,12,,
ruxolitinib,1,1,4,14.0,0.0,,14,,
mefloquine,2,1,4,16.0,5.0,21.0,11,,
leflunomide,1,1,4,17.0,0.0,,17,,
"dibutyryl-camp, sodium salt",1,1,4,18.0,0.0,,18,,
b3063,2,1,4,19.5,3.5,23.0,16,,
t5220758,2,1,4,20.0,10.0,30.0,10,,
gp 2a,2,1,4,24.5,4.5,29.0,20,,
BRD-K11758216,2,1,4,28.0,9.0,37.0,19,,
l-cis-diltiazem,2,1,4,36.0,23.0,59.0,13,,
s1095,3,1,4,49.666666666666664,50.33443707399096,24.0,120,,5.0
fenbendazole,2,1,4,61.0,50.0,11.0,111,,
BRD-K98676510,2,1,4,62.5,55.5,7.0,118,,
PD-184352,4,1,4,63.5,50.18216814765978,145.0,48,8.0,53.0
SB590885,3,1,4,70.66666666666667,40.89281382128432,74.0,119,,19.0
mocetinostat,3,1,4,75.66666666666667,57.284863232406835,61.0,152,,14.0
BRD-K53308430,2,1,4,79.0,71.0,8.0,150,,
Y-39983,4,1,4,88.5,60.80090459853373,129.0,165,15.0,45.0
nintedanib,4,1,4,94.25,65.86491858341586,50.0,163,154.0,10.0
OTSSP167,4,1,4,95.25,92.6454936842586,87.0,249,18.0,27.0
thiothixene,2,1,4,97.0,93.0,4.0,190,,
vemurafenib,4,1,4,104.0,65.9128212110512,176.0,159,17.0,64.0
gsk-3b inhibitor viii,3,1,4,108.33333333333333,115.85143743413612,20.0,272,33.0,
obaa,2,1,4,109.0,97.0,12.0,206,,
TWS-119,4,1,4,112.75,117.32300499049622,76.0,313,42.0,20.0
HG-14-8-02,3,1,4,117.0,107.39646176667088,68.0,266,,17.0
PLX-4720,4,1,4,124.75,86.01271708299883,204.0,9,211.0,75.0
BRD-K82837433,2,1,4,126.5,111.5,15.0,238,,
AZD-8330,4,1,4,141.25,123.23225024318918,157.0,335,14.0,59.0
olvanil,3,1,4,155.66666666666666,198.27646243454,10.0,436,21.0,
AZD-7762,4,1,4,160.25,208.94900693709937,57.0,521,50.0,13.0
simvastatin,3,1,4,160.33333333333334,183.63248320732606,51.0,419,,11.0
PD-0325901,4,1,4,162.5,191.15504178545748,114.0,487,10.0,39.0
BRD-K63068307,3,1,4,172.0,186.38311797656638,66.0,434,,16.0
hy-10159,2,1,4,177.0,168.0,9.0,345,,
helveticoside,3,1,4,190.0,208.22583893455683,69.0,483,,18.0
pracinostat,4,1,4,196.5,125.57169266996443,349.0,269,16.0,152.0
canertinib,4,1,4,200.75,168.47310616237834,242.0,455,11.0,95.0
5-nonyloxytryptamine,2,1,4,202.5,183.5,19.0,386,,
mevastatin,4,1,4,216.25,194.84272503740036,230.0,527,19.0,89.0
HG-5-88-01,2,1,4,232.5,231.5,1.0,464,,
nsc 3852,4,1,4,240.5,352.5141841117886,39.0,850,66.0,7.0
NVP-BEZ235,4,1,4,258.5,203.28120916602202,328.0,551,9.0,146.0
trametinib,4,1,4,284.75,200.7079657113788,423.0,520,6.0,190.0
GSK-690693,3,1,4,294.3333333333333,389.52478169630695,32.0,845,,6.0
TPCA-1,3,1,4,318.6666666666667,419.86770403174484,42.0,912,2.0,
BRD-U43867373,3,1,4,348.6666666666667,237.3553360587361,518.0,515,13.0,
BRD-K37865504,3,1,4,366.3333333333333,499.74282274875037,22.0,1073,,4.0
erlotinib,4,1,4,379.25,270.5423950141641,551.0,706,3.0,257.0
testosterone propionate,2,1,4,395.0,377.0,18.0,772,,
sutent,4,1,4,401.75,254.89544425116742,663.0,601,20.0,323.0
mebendazole,3,1,4,461.6666666666667,598.7555613288466,62.0,1308,,15.0
mw-a1-12,2,1,4,614.5,600.5,14.0,1215,,
everolimus,2,1,4,777.0,775.0,2.0,1552,,
BRD-K21672423,1,0,4,23.0,0.0,,23,,
BRD-K18595892,2,0,4,25.5,0.5,26.0,25,,
vu0420364-1,2,0,4,25.5,0.5,25.0,26,,
BRD-K88708949,1,0,4,27.0,0.0,,27,,
ro 08-2750,1,0,4,28.0,0.0,,28,,
BRD-K53423944,2,0,4,28.5,7.5,36.0,21,,
BRD-K44781077,1,0,4,29.0,0.0,,29,,
chelerythrine chloride,3,0,4,30.333333333333332,4.4969125210773475,33.0,24,34.0,
ketotifen fumarate,2,0,4,33.0,2.0,35.0,31,,
rhizocarpic acid,1,0,4,33.0,0.0,,33,,
zaprinast,3,0,4,33.0,10.424330514074594,47.0,30,22.0,
ly 364947,1,0,4,34.0,0.0,,34,,
src kinase inhibitor ii,1,0,4,37.0,0.0,,37,,
BRD-A19248578,1,0,4,39.0,0.0,,39,,
BRD-K13046565,1,0,4,41.0,0.0,,41,,
BRD-A05565054,2,0,4,42.0,8.0,34.0,50,,
dichlorobenzamil,2,0,4,42.0,4.0,38.0,46,,
na-tosyl-phe chloromethyl ketone,1,0,4,42.0,0.0,,42,,
BRD-K30993697,1,0,4,43.0,0.0,,43,,
ncgc00241077-01,2,0,4,46.5,8.5,55.0,38,,
stock4s-72743,2,0,4,46.5,1.5,48.0,45,,
dihydro-beta-tubaic acid,2,0,4,49.0,14.0,63.0,35,,
BRD-K33720404,2,0,4,50.0,10.0,60.0,40,,
cabozantinib,3,0,4,51.666666666666664,23.753362335093154,82.0,49,,24.0
promazine hydrochloride,3,0,4,52.0,25.13961017995307,86.0,44,,26.0
s1222,1,0,4,52.0,0.0,,52,,
BRD-K15592317,1,0,4,53.0,0.0,,53,,
BRD-K89546934,2,0,4,53.5,2.5,56.0,51,,
bcl-2 inhibitor,2,0,4,53.5,22.5,31.0,76,,
minoxidil,1,0,4,54.0,0.0,,54,,
BMS-345541,4,0,4,54.5,25.53918557824427,89.0,69,32.0,28.0
ozagrel hydrochloride,1,0,4,56.0,0.0,,56,,
ppt,1,0,4,57.0,0.0,,57,,
tozasertib,1,0,4,58.0,0.0,,58,,
cgs 21680 hydrochloride,2,0,4,59.0,37.0,96.0,22,,
mbcq,1,0,4,59.0,0.0,,59,,
bromocriptine mesylate,1,0,4,60.0,0.0,,60,,
cyclopiazonic acid,2,0,4,60.0,32.0,28.0,92,,
ei-328,1,0,4,61.0,0.0,,61,,
s1169,1,0,4,62.0,0.0,,62,,
skf 81297 hydrobromide,1,0,4,64.0,0.0,,64,,
BRD-A15010982,3,0,4,64.66666666666667,28.05153986662566,85.0,84,,25.0
tetrindole mesylate,3,0,4,65.33333333333333,26.537185649993525,98.0,65,,33.0
BRD-K19922318,1,0,4,66.0,0.0,,66,,
SB-239063,1,0,4,67.0,0.0,,67,,
s1452,2,0,4,69.0,2.0,67.0,71,,
methoxsalen,3,0,4,72.66666666666667,18.445113776342563,94.0,75,49.0,
1483-0018,2,0,4,73.0,5.0,78.0,68,,
BRD-K66555411,1,0,4,73.0,0.0,,73,,
bosutinib,3,0,4,74.0,45.51922670696417,138.0,36,,48.0
estradiol valerate,2,0,4,77.0,13.0,64.0,90,,
BRD-K89451433,1,0,4,78.0,0.0,,78,,
pyrazolanthrone,1,0,4,79.0,0.0,,79,,
BRD-K82492171,1,0,4,80.0,0.0,,80,,
BRD-K35573744,1,0,4,82.0,0.0,,82,,
norgestimate,1,0,4,83.0,0.0,,83,,
prochlorperazine edisylate,1,0,4,85.0,0.0,,85,,
noscapine hydrochloride,2,0,4,85.5,13.5,99.0,72,,
PF-562271,4,0,4,87.0,48.130032204435516,140.0,129,30.0,49.0
ns-1619,2,0,4,87.5,0.5,88.0,87,,
evodiamine,1,0,4,88.0,0.0,,88,,
isoeugenitol,2,0,4,90.0,35.0,125.0,55,,
cyproheptadine hydrochloride,1,0,4,91.0,0.0,,91,,
hemado,2,0,4,91.5,21.5,113.0,70,,
HG-5-113-01,4,0,4,93.5,83.12791348277665,91.0,230,23.0,30.0
15-delta prostaglandin j2,1,0,4,94.0,0.0,,94,,
PF-431396,3,0,4,94.33333333333333,56.007935945621924,173.0,47,,63.0
foretinib,3,0,4,96.0,45.760244754590204,105.0,147,,36.0
carbidopa,1,0,4,97.0,0.0,,97,,
pj 34 hydrochloride,1,0,4,98.0,0.0,,98,,
KIN001-265,3,0,4,100.0,48.02082881417188,107.0,155,,38.0
oligomycin c,1,0,4,100.0,0.0,,100,,
penicillin v,2,0,4,100.5,11.5,112.0,89,,
BRD-K79390395,1,0,4,101.0,0.0,,101,,
flutamide,1,0,4,103.0,0.0,,103,,
cp 93129 dihydrochloride,3,0,4,103.66666666666667,58.53963519606941,163.0,124,24.0,
verapamil hydrochloride,1,0,4,112.0,0.0,,112,,
BRD-K78373679,1,0,4,113.0,0.0,,113,,
BMS-387032,4,0,4,113.5,63.661212680878144,202.0,142,36.0,74.0
BRD-A47816767,3,0,4,113.66666666666667,55.76338902501852,121.0,178,,42.0
t 0901317,1,0,4,114.0,0.0,,114,,
BRD-K48654774,1,0,4,115.0,0.0,,115,,
eo 1428,1,0,4,116.0,0.0,,116,,
linifanib,4,0,4,116.0,46.05974381170612,185.0,130,81.0,68.0
cefixime,2,0,4,116.5,10.5,127.0,106,,
BRD-K38625260,2,0,4,117.0,45.0,72.0,162,,
wr 216174,2,0,4,118.0,13.0,131.0,105,,
y27632,2,0,4,118.0,16.0,134.0,102,,
flunisolide,4,0,4,119.5,112.37993593164218,106.0,307,28.0,37.0
BRD-K31851742,2,0,4,120.0,19.0,101.0,139,,
alprostadil,2,0,4,120.0,5.0,115.0,125,,
naloxone benzoylhydrazone,1,0,4,122.0,0.0,,122,,
11k-629s,1,0,4,123.0,0.0,,123,,
PI-103,4,0,4,124.0,74.50838878945109,226.0,156,27.0,87.0
diclofenac sodium,2,0,4,125.0,44.0,169.0,81,,
gr 159897,1,0,4,126.0,0.0,,126,,
hinokitiol,3,0,4,127.33333333333333,49.93551397107629,193.0,117,,72.0
z2777,1,0,4,128.0,0.0,,128,,
herniarin,4,0,4,129.25,72.4305702034714,233.0,154,39.0,91.0
PHA-665752,3,0,4,129.33333333333334,58.817986666967414,212.0,96,,80.0
crizotinib,3,0,4,130.66666666666666,66.24365797736581,136.0,209,,47.0
cdc,1,0,4,131.0,0.0,,131,,
BRD-U29336476,4,0,4,132.0,65.47136778775895,151.0,229,92.0,56.0
su 4312,1,0,4,132.0,0.0,,132,,
ite,1,0,4,133.0,0.0,,133,,
BRD-K58972465,2,0,4,133.5,58.5,75.0,192,,
imatinib,1,0,4,134.0,0.0,,134,,
BRD-K37694030 (doxepin hydrochloride),1,0,4,135.0,0.0,,135,,
vinpocetine,2,0,4,135.5,61.5,197.0,74,,
veliparib,1,0,4,137.0,0.0,,137,,
BRD-K37194137,1,0,4,138.0,0.0,,138,,
BRD-K41220170,2,0,4,138.0,89.0,49.0,227,,
s1107,3,0,4,138.66666666666666,50.307940614667274,186.0,161,,69.0
akt inhibitor x,2,0,4,139.0,44.0,183.0,95,,
s1481,1,0,4,140.0,0.0,,140,,
estropipate,1,0,4,141.0,0.0,,141,,
TGX-221,2,0,4,143.0,44.0,187.0,99,,
nnc 05-2090 hydrochloride,1,0,4,143.0,0.0,,143,,
BRD-K86472598,2,0,4,143.5,78.5,65.0,222,,
IOX2,1,0,4,144.0,0.0,,144,,
gsk-3 inhibitor ii,4,0,4,144.25,85.88473380060044,206.0,250,45.0,76.0
isoflupredone acetate,3,0,4,145.33333333333334,165.93640013236666,27.0,380,29.0,
BRD-K39345836,1,0,4,146.0,0.0,,146,,
bd 1063 dihydrochloride,2,0,4,146.0,19.0,165.0,127,,
BRD-K91145395,3,0,4,146.33333333333334,125.3005276214838,90.0,320,,29.0
BRD-K79459005,1,0,4,148.0,0.0,,148,,
BRD-K97936712,1,0,4,149.0,0.0,,149,,
mls-0437446.0001,2,0,4,150.0,40.0,190.0,110,,
BRD-K18163752,3,0,4,151.33333333333334,56.80571176289308,192.0,191,,71.0
ossk 647368,2,0,4,152.5,75.5,228.0,77,,
BRD-K79554012,1,0,4,153.0,0.0,,153,,
cyclosporin a,2,0,4,153.0,109.0,44.0,262,,
BRD-K09854848,4,0,4,154.5,63.00991985394046,210.0,223,107.0,78.0
ursolic acid,3,0,4,155.66666666666666,55.59576322786557,218.0,166,,83.0
BRD-K35716340,2,0,4,157.0,50.0,207.0,107,,
cmpd-1,1,0,4,157.0,0.0,,157,,
JNK-9L,4,0,4,157.5,92.81567755503377,281.0,199,31.0,119.0
GSK-J4,1,0,4,158.0,0.0,,158,,
gr 127935 hydrochloride,4,0,4,159.0,71.27762622310033,269.0,173,84.0,110.0
leucine enkephalin,2,0,4,159.0,5.0,154.0,164,,
BRD-K77547509,1,0,4,160.0,0.0,,160,,
BRD-K56196992,3,0,4,160.66666666666666,82.88278202109021,159.0,263,,60.0
MK-2206,3,0,4,161.0,88.36288813749809,153.0,273,,57.0
withaferin-a,4,0,4,161.25,79.70374834347504,268.0,204,64.0,109.0
BRD-K19624190,2,0,4,162.0,23.0,139.0,185,,
BX-912,2,0,4,163.0,12.0,175.0,151,,
abt-888 (veliparib),2,0,4,164.0,6.0,158.0,170,,
fk506,3,0,4,164.0,87.08616422830896,128.0,284,80.0,
cgp 71683 hydrochloride,4,0,4,164.5,57.35198340075084,247.0,186,128.0,97.0
d3943,2,0,4,166.5,5.5,161.0,172,,
zd 2079 hydrochloride,1,0,4,167.0,0.0,,167,,
cjd-pla-20-1,1,0,4,168.0,0.0,,168,,
GDC-0879,3,0,4,168.33333333333334,73.58592860655419,188.0,247,,70.0
D-4476,2,0,4,170.5,77.5,248.0,93,,
"androsta-1,4-dien-3,17-dione",1,0,4,171.0,0.0,,171,,
BRD-K87573634,2,0,4,173.5,6.5,167.0,180,,
BRD-K14788918,3,0,4,174.66666666666666,179.18395265449664,77.0,426,,21.0
BRD-K83816656,1,0,4,176.0,0.0,,176,,
BRD-K57678861,1,0,4,177.0,0.0,,177,,
hts 10859,3,0,4,178.66666666666666,69.9348903544496,214.0,241,,81.0
chemistry 1735,1,0,4,179.0,0.0,,179,,
AS-605240,3,0,4,180.66666666666666,145.28210106165483,120.0,381,,41.0
BRD-K01614657,3,0,4,181.33333333333334,74.45953412573989,211.0,254,,79.0
mls-0390857.0001,1,0,4,182.0,0.0,,182,,
palbociclib,4,0,4,183.0,223.74650835264447,104.0,567,26.0,35.0
sdm25n hydrochloride,1,0,4,183.0,0.0,,183,,
WZ-3105,4,0,4,183.25,77.6929050814809,316.0,121,157.0,139.0
jte 013,1,0,4,184.0,0.0,,184,,
BRD-K28115298,2,0,4,186.0,41.0,227.0,145,,
hydrocortisone acetate,4,0,4,186.0,89.51815458330226,267.0,283,86.0,108.0
jnj 10191584 maleate,2,0,4,186.5,134.5,52.0,321,,
lawsone,2,0,4,187.5,129.5,58.0,317,,
BYL719,2,0,4,191.0,44.0,147.0,235,,
ZSTK-474,3,0,4,191.0,149.64624953536256,130.0,397,,46.0
BRD-A84327315,1,0,4,193.0,0.0,,193,,
econazole nitrate,2,0,4,193.0,15.0,178.0,208,,
alvocidib,4,0,4,193.25,93.12994953289731,300.0,267,75.0,131.0
st056792,4,0,4,194.0,81.5751187556598,182.0,282,245.0,67.0
dacomitinib,3,0,4,194.66666666666666,65.7283973806012,275.0,195,,114.0
fit,2,0,4,195.0,33.0,162.0,228,,
BRD-A72837804,2,0,4,196.0,50.0,146.0,246,,
gw 9508,1,0,4,196.0,0.0,,196,,
bay 36-7620,2,0,4,196.5,110.5,307.0,86,,
BRD-K06009608,3,0,4,196.66666666666666,133.5223659999411,155.0,377,,58.0
hy-11006,1,0,4,197.0,0.0,,197,,
erythromycin,2,0,4,197.5,16.5,181.0,214,,
BRD-K60757524,1,0,4,198.0,0.0,,198,,
kn-62,2,0,4,199.0,136.0,335.0,63,,
buparlisib,4,0,4,200.25,112.4974999722216,141.0,341,269.0,50.0
5-azacytidine,3,0,4,200.33333333333334,127.15432443382421,170.0,369,,62.0
BRD-K37043259,1,0,4,201.0,0.0,,201,,
BRD-A42737819,1,0,4,202.0,0.0,,202,,
BRD-K33045404,1,0,4,203.0,0.0,,203,,
fludrocortisone acetate,4,0,4,203.5,112.30872628607271,263.0,358,88.0,105.0
a112550.cdx,3,0,4,203.66666666666666,83.67529835952517,232.0,289,,90.0
CGP-60474,4,0,4,204.25,104.00570897792102,312.0,299,70.0,136.0
"camptothecine (s,+)",3,0,4,204.33333333333334,119.26813861584698,199.0,353,61.0,
BRD-K55116708,4,0,4,205.25,64.22373003804746,306.0,210,172.0,133.0
cc-100,2,0,4,206.5,136.5,70.0,343,,
GDC-0941,3,0,4,206.66666666666666,73.31363371767142,260.0,257,,103.0
BRD-K12105018,1,0,4,207.0,0.0,,207,,
s1367,2,0,4,207.5,90.5,117.0,298,,
A443654,4,0,4,208.5,113.82113160569087,296.0,342,67.0,129.0
GSK-2126458,4,0,4,209.25,85.77987817664467,350.0,205,129.0,153.0
BRD-K63979920,1,0,4,211.0,0.0,,211,,
"l-701,252",1,0,4,212.0,0.0,,212,,
sb 206553 hydrochloride,1,0,4,213.0,0.0,,213,,
vu0418947-2,3,0,4,213.66666666666666,106.96520721971027,215.0,344,,82.0
NVP-AUY922,4,0,4,214.25,170.24889867485194,177.0,501,114.0,65.0
BRD-U31801276,1,0,4,215.0,0.0,,215,,
ncgc00184834-01,4,0,4,215.25,167.99906993790174,236.0,481,52.0,92.0
BRD-K98731749,2,0,4,215.5,59.5,156.0,275,,
ketorolac tromethamine,2,0,4,216.0,79.0,137.0,295,,
BRD-K33720394,3,0,4,217.0,93.28451104015072,240.0,318,,93.0
BRD-K77877933,4,0,4,217.25,63.14418025439874,313.0,220,199.0,137.0
BRD-K19181733,1,0,4,218.0,0.0,,218,,
"l-701,324",2,0,4,218.0,44.0,262.0,174,,
BRD-K18726304,3,0,4,218.33333333333334,175.65369971117096,143.0,461,,51.0
h7270,3,0,4,219.0,94.37160589923221,241.0,322,,94.0
y 134,1,0,4,219.0,0.0,,219,,
azathioprine,1,0,4,221.0,0.0,,221,,
WH-4-025,4,0,4,222.5,194.3482698662378,122.0,549,176.0,43.0
BRD-A24054354,2,0,4,223.5,20.5,203.0,244,,
BRD-A50388635,3,0,4,224.33333333333334,70.92875925101812,294.0,252,,127.0
pazopanib,1,0,4,225.0,0.0,,225,,
ei-247,1,0,4,226.0,0.0,,226,,
dinaciclib,4,0,4,226.25,92.65628688869417,385.0,194,156.0,170.0
ncgc00184716-01,2,0,4,228.5,119.5,109.0,348,,
BRD-K64517075,3,0,4,232.0,144.15500916259091,201.0,422,,73.0
BRD-K14749055,2,0,4,233.0,33.0,266.0,200,,
BRD-K49371609,4,0,4,233.25,195.74648783566974,220.0,557,72.0,84.0
l 655240,1,0,4,234.0,0.0,,234,,
akti-1/2,3,0,4,236.33333333333334,96.06016633108416,265.0,337,,107.0
ei-232,2,0,4,236.5,61.5,298.0,175,,
s1480,1,0,4,237.0,0.0,,237,,
flucytosine,2,0,4,237.5,32.5,205.0,270,,
NVP-TAE684,3,0,4,237.66666666666666,80.54950168823034,288.0,301,,124.0
digitoxigenin,4,0,4,237.75,175.2803112160633,180.0,531,174.0,66.0
sulconazole nitrate,1,0,4,240.0,0.0,,240,,
mead ethanolamide,2,0,4,241.0,17.0,258.0,224,,
LDN-193189,4,0,4,241.75,202.52206669891555,562.0,32,111.0,262.0
mrs 1220,1,0,4,242.0,0.0,,242,,
iodophenpropit dihydrobromide,1,0,4,245.0,0.0,,245,,
BRD-K08307026,3,0,4,245.33333333333334,118.4379818958241,250.0,388,,98.0
BRD-K61717269,3,0,4,246.33333333333334,110.71384536522773,261.0,374,,104.0
luteolin,1,0,4,248.0,0.0,,248,,
arachidonamide,2,0,4,248.5,145.5,103.0,394,,
ncgc00012508-02,2,0,4,249.0,10.0,259.0,239,,
ssr 69071,1,0,4,251.0,0.0,,251,,
saracatinib,4,0,4,252.0,197.3448757885545,255.0,573,79.0,101.0
mls-0216981,1,0,4,253.0,0.0,,253,,
oxymetazoline hydrochloride,2,0,4,253.0,58.0,195.0,311,,
chloramphenicol,1,0,4,255.0,0.0,,255,,
nadolol,2,0,4,255.0,132.0,123.0,387,,
dexamethasone acetate,3,0,4,256.0,125.7404734628698,256.0,410,,102.0
diflorasone diacetate,2,0,4,256.0,148.0,108.0,404,,
saquinavir mesylate,1,0,4,259.0,0.0,,259,,
reserpine,1,0,4,260.0,0.0,,260,,
s1120,3,0,4,260.0,135.27995663314897,251.0,430,,99.0
cinobufagin,4,0,4,260.25,144.47556021694464,291.0,484,140.0,126.0
flurofamide,3,0,4,260.3333333333333,108.5981379009583,376.0,290,115.0,
BRD-K58288048,4,0,4,261.0,189.2353032602532,279.0,563,85.0,117.0
KIN001-244,1,0,4,261.0,0.0,,261,,
BRD-K67870070,2,0,4,263.0,75.0,338.0,188,,
BRD-K83972459,3,0,4,265.0,117.8586724287469,431.0,169,,195.0
hydrastinine hydrochloride,2,0,4,265.0,27.0,238.0,292,,
indirubin-3-oxime,1,0,4,265.0,0.0,,265,,
oxymetholone,3,0,4,268.3333333333333,103.72185026416672,287.0,385,133.0,
BRD-K53461563,2,0,4,270.0,27.0,243.0,297,,
importazole,4,0,4,271.0,195.30360979766863,303.0,576,73.0,132.0
bl-010,2,0,4,272.0,137.0,135.0,409,,
ikk 16,4,0,4,272.0,380.43987698452435,79.0,930,57.0,22.0
doxepin hydrochloride,2,0,4,273.0,84.0,189.0,357,,
gefitinib,3,0,4,273.6666666666667,86.24899355290408,372.0,287,,162.0
BRD-K52914903,1,0,4,274.0,0.0,,274,,
ossk 645668,1,0,4,276.0,0.0,,276,,
AT-7519,4,0,4,276.25,136.4759594214307,341.0,469,146.0,149.0
12k-516s,1,0,4,277.0,0.0,,277,,
CX-5461,2,0,4,277.0,125.0,152.0,402,,
BRD-K75128590,2,0,4,277.5,46.5,231.0,324,,
acyclovir,1,0,4,280.0,0.0,,280,,
XMD-1499,3,0,4,281.3333333333333,214.9950903832199,237.0,564,43.0,
ncgc00188535-01,3,0,4,281.6666666666667,168.5711191818522,245.0,504,,96.0
ritodrine hydrochloride,2,0,4,283.0,31.0,252.0,314,,
byssochlamic acid,2,0,4,283.5,49.5,234.0,333,,
norketamine hydrochloride,2,0,4,284.0,10.0,274.0,294,,
ym-155,4,0,4,284.0,244.7192268703054,285.0,681,48.0,122.0
fluvastatin,3,0,4,284.6666666666667,157.93951022112512,346.0,440,68.0,
(-)-gallocatechin gallate,1,0,4,285.0,0.0,,285,,
syk inhibitor,1,0,4,286.0,0.0,,286,,
BRD-K94325918,4,0,4,286.25,210.57228568831178,327.0,611,62.0,145.0
mdl 29951,3,0,4,288.0,146.94443394244868,361.0,420,83.0,
rosuvastatin calcium,1,0,4,288.0,0.0,,288,,
ku-0063794,4,0,4,290.75,198.10776738936815,354.0,584,71.0,154.0
progesterone,1,0,4,291.0,0.0,,291,,
BRD-K01436366,3,0,4,291.6666666666667,146.79312729900613,280.0,477,,118.0
dasatinib,4,0,4,293.0,100.98267178085555,419.0,365,202.0,186.0
mitoxantrone,4,0,4,293.25,127.16401810260636,370.0,462,180.0,161.0
iodipamide,2,0,4,296.0,128.0,168.0,424,,
oxybenzone,1,0,4,296.0,0.0,,296,,
homatropine bromide,2,0,4,297.5,39.5,337.0,258,,
stock3s-04022,1,0,4,300.0,0.0,,300,,
bmy 45778,2,0,4,301.5,4.5,297.0,306,,
"cp 55,940",1,0,4,302.0,0.0,,302,,
"ingenol 3, 20-dibenzoate",4,0,4,302.0,168.56156145456177,323.0,569,173.0,143.0
BRD-K35424586,4,0,4,303.0,186.39071865304882,348.0,589,124.0,151.0
s2001,1,0,4,303.0,0.0,,303,,
cladribine,1,0,4,304.0,0.0,,304,,
2-fluoropalmitic acid,1,0,4,305.0,0.0,,305,,
c247,2,0,4,305.5,107.5,198.0,413,,
BRD-K18724229,3,0,4,307.0,111.64527158221554,464.0,243,,214.0
ncgc00165199-01,2,0,4,307.0,226.0,81.0,533,,
BRD-A62809825,4,0,4,307.75,118.17016332391185,512.0,232,252.0,235.0
ikk-3 inhibitor ix,1,0,4,308.0,0.0,,308,,
pelitinib,4,0,4,308.25,215.6587292460011,284.0,667,161.0,121.0
BRD-A35020550,1,0,4,309.0,0.0,,309,,
dirithromycin,1,0,4,310.0,0.0,,310,,
flubendazole,2,0,4,310.5,177.5,133.0,488,,
ncgc00183247-01,1,0,4,312.0,0.0,,312,,
BRD-K31706415,3,0,4,312.3333333333333,209.0364136274401,309.0,570,58.0,
KU-60019,3,0,4,312.6666666666667,102.81482815668608,452.0,279,,207.0
clobenpropit dihydrobromide,3,0,4,314.0,143.29689459300923,315.0,489,,138.0
"l-733,060 hydrochloride",1,0,4,315.0,0.0,,315,,
gibberellic acid,1,0,4,316.0,0.0,,316,,
DCC-2036,4,0,4,316.25,157.7820886539407,531.0,382,106.0,246.0
bithionate sodium,3,0,4,317.6666666666667,308.80666371624096,148.0,751,,54.0
BRD-K42543304,1,0,4,319.0,0.0,,319,,
np-001236,2,0,4,319.0,15.0,304.0,334,,
er 27319 maleate,4,0,4,320.0,209.2331235727269,643.0,264,60.0,313.0
BRD-K16533489,2,0,4,323.0,151.0,172.0,474,,
niridazole,1,0,4,323.0,0.0,,323,,
sb 218078,4,0,4,323.75,399.1455718155971,126.0,1013,112.0,44.0
GDC-0980,4,0,4,325.0,134.41726079637243,555.0,271,215.0,259.0
phorbol-12-myristate-13-acetate (pma),4,0,4,325.25,188.2490039814288,299.0,634,238.0,130.0
purvalanol a,4,0,4,326.5,173.41352311743165,311.0,606,254.0,135.0
BRD-U32049204,2,0,4,327.0,13.0,314.0,340,,
chlorprothixene hydrochloride,1,0,4,327.0,0.0,,327,,
ly-294002,1,0,4,328.0,0.0,,328,,
selamectin,3,0,4,328.6666666666667,223.5133602767902,254.0,632,,100.0
lasalocid sodium salt,2,0,4,329.0,138.0,191.0,467,,
peitc,3,0,4,330.6666666666667,215.86621371169278,264.0,622,,106.0
way 170523,1,0,4,331.0,0.0,,331,,
BRD-K50387473,2,0,4,331.5,38.5,293.0,370,,
vu0418939-2,4,0,4,331.75,225.8964087806621,700.0,136,158.0,333.0
pha 665752,1,0,4,332.0,0.0,,332,,
BRD-K72615639,1,0,4,336.0,0.0,,336,,
lovastatin,2,0,4,336.0,111.0,225.0,447,,
suloctidil,2,0,4,336.0,236.0,100.0,572,,
sb 216763,3,0,4,336.6666666666667,169.17906358517166,317.0,553,,140.0
lonidamine,2,0,4,338.0,157.0,495.0,181,,
ncgc00242296-02,1,0,4,338.0,0.0,,338,,
neratinib,4,0,4,338.25,199.98421812733125,417.0,628,123.0,185.0
BRD-K01834163,4,0,4,338.5,211.43970771829967,426.0,640,96.0,192.0
"fluphenazine-n-2-chloroethane, dihydrochloride",1,0,4,339.0,0.0,,339,,
YM-201636,3,0,4,341.0,410.07560278563267,80.0,920,,23.0
"ly-165,163",2,0,4,342.5,171.5,171.0,514,,
hy-50878,2,0,4,344.5,39.5,305.0,384,,
vandetanib,2,0,4,344.5,273.5,71.0,618,,
tranilast,1,0,4,346.0,0.0,,346,,
BRD-K16331660,2,0,4,346.5,14.5,332.0,361,,
BRD-A68930007 (ouabain),1,0,4,347.0,0.0,,347,,
ei-215,3,0,4,347.3333333333333,135.88311971036808,380.0,495,,167.0
valdecoxib,3,0,4,347.3333333333333,108.95972752454101,489.0,329,,224.0
a8674,3,0,4,347.6666666666667,380.6138317098958,119.0,884,,40.0
BRD-K22832646,2,0,4,348.0,239.0,587.0,109,,
BRD-K42499654,3,0,4,348.3333333333333,155.20595635763755,355.0,535,,155.0
BRD-K99633092,1,0,4,349.0,0.0,,349,,
QL-X-138,4,0,4,349.0,193.92395416760664,563.0,496,74.0,263.0
mls-0435541.0001,1,0,4,350.0,0.0,,350,,
ncgc00186542-01,1,0,4,351.0,0.0,,351,,
BRD-K55844427,3,0,4,351.6666666666667,118.133634311129,425.0,445,185.0,
BRD-K69501658,1,0,4,352.0,0.0,,352,,
s1019,2,0,4,353.5,136.5,217.0,490,,
BRD-K02562327,2,0,4,354.0,205.0,149.0,559,,
"ici-185,282",1,0,4,354.0,0.0,,354,,
BRD-K69852452,4,0,4,354.25,282.15454541793224,272.0,833,200.0,112.0
BRD-K95895342,1,0,4,355.0,0.0,,355,,
medroxyprogesterone 17-acetate,1,0,4,356.0,0.0,,356,,
belinostat,4,0,4,356.75,201.1857040149722,640.0,399,78.0,310.0
penfluridol,3,0,4,357.0,126.31178356221032,409.0,479,,183.0
s1053,3,0,4,357.3333333333333,222.3455768742782,290.0,657,,125.0
bapta-am,2,0,4,357.5,314.5,43.0,672,,
stk397047,3,0,4,358.3333333333333,176.24667057532997,344.0,581,,150.0
s1122,3,0,4,358.6666666666667,162.49991452989204,362.0,556,,158.0
enrofloxacin,1,0,4,359.0,0.0,,359,,
radicicol,4,0,4,359.25,304.77973603899585,324.0,867,102.0,144.0
jak3 inhibitor vi,3,0,4,359.3333333333333,228.85560707330046,286.0,669,,123.0
dicyclomine hydrochloride,1,0,4,360.0,0.0,,360,,
ON-01910,4,0,4,361.25,326.122197189949,334.0,900,63.0,148.0
h-9 dihydrochloride,1,0,4,363.0,0.0,,363,,
AZD-8055,4,0,4,364.0,159.7310239120754,596.0,412,166.0,282.0
BRD-A68061604,1,0,4,364.0,0.0,,364,,
BRD-K95196255,3,0,4,364.0,159.37377450509229,374.0,554,,164.0
BRD-A75931230,3,0,4,364.3333333333333,303.98391770325975,221.0,787,,85.0
p8624,3,0,4,364.3333333333333,165.18541770453655,595.0,217,,281.0
16-hydroxytriptolide,4,0,4,365.0,251.27773478762498,366.0,775,159.0,160.0
BRD-K31491153,2,0,4,365.0,282.0,83.0,647,,
BRD-K50204028,1,0,4,366.0,0.0,,366,,
gr-103,2,0,4,366.0,147.0,219.0,513,,
BRD-K76938712,2,0,4,367.0,171.0,196.0,538,,
fgin-1-27,2,0,4,368.5,100.5,469.0,268,,
ncgc00183371-01,3,0,4,370.3333333333333,142.00782451056077,407.0,523,,181.0
gw 843682x,1,0,4,371.0,0.0,,371,,
ncgc00182393-01,3,0,4,371.3333333333333,142.64252132126973,451.0,492,171.0,
nocodazole,3,0,4,372.0,439.1362734580994,93.0,992,,31.0
rs 504393,1,0,4,372.0,0.0,,372,,
BRD-K07005393,3,0,4,372.3333333333333,436.15007610785636,97.0,988,,32.0
BRD-K19724398,3,0,4,372.3333333333333,163.1876901675559,601.0,231,,285.0
np-009169,2,0,4,372.5,254.5,118.0,627,,
"vegf receptor 3 kinase inhibitor, maz51",1,0,4,373.0,0.0,,373,,
WYE-125132,4,0,4,373.25,150.55293919415854,597.0,415,198.0,283.0
"r(-)-2,10,11-trihydroxy-n-propyl-noraporphine",1,0,4,376.0,0.0,,376,,
BRD-K23282736,1,0,4,378.0,0.0,,378,,
"methyl 2,5-dihydroxycinnamate",1,0,4,379.0,0.0,,379,,
mls-0425618,2,0,4,379.0,87.0,292.0,466,,
gemcitabine,2,0,4,379.5,205.5,174.0,585,,
gr-231,2,0,4,379.5,284.5,95.0,664,,
OSI-027,3,0,4,379.6666666666667,114.35714037853323,476.0,444,,219.0
lapatinib,3,0,4,383.0,114.44940658066632,519.0,391,,239.0
gavestinel,2,0,4,384.5,31.5,353.0,416,,
"ici-162,846",2,0,4,385.5,2.5,388.0,383,,
s1064,2,0,4,385.5,185.5,200.0,571,,
BRD-K68202742 (trichostatin a),4,0,4,386.75,239.66265353617362,501.0,717,98.0,231.0
BRD-K03829970,2,0,4,388.5,58.5,447.0,330,,
BRD-K86899078,2,0,4,388.5,334.5,54.0,723,,
PHA-793887,4,0,4,388.75,172.6258598820003,508.0,607,206.0,234.0
BRD-K78385490,4,0,4,389.0,199.20717858551183,403.0,705,270.0,178.0
BRD-U37049823,1,0,4,389.0,0.0,,389,,
ski ii,3,0,4,389.6666666666667,118.48581724784148,488.0,458,,223.0
uk 356618,1,0,4,390.0,0.0,,390,,
BRD-K84762162,2,0,4,391.0,167.0,224.0,558,,
bvt 948,4,0,4,391.75,329.4118812368491,379.0,932,90.0,166.0
s1140,1,0,4,392.0,0.0,,392,,
mibefradil dihydrochloride,2,0,4,392.5,72.5,320.0,465,,
tegaserod,2,0,4,392.5,153.5,239.0,546,,
BRD-K14316227,1,0,4,393.0,0.0,,393,,
geldanamycin,4,0,4,394.0,352.8165245563195,397.0,964,41.0,174.0
cinnarizine,1,0,4,395.0,0.0,,395,,
paroxetine hydrochloride,2,0,4,395.5,279.5,116.0,675,,
rocilinostat,2,0,4,395.5,117.5,513.0,278,,
fenofibrate,2,0,4,396.0,202.0,194.0,598,,
cyclosporine,4,0,4,396.5,255.43149766620405,490.0,767,104.0,225.0
BRD-K52321331,3,0,4,396.6666666666667,424.04507097975113,144.0,994,,52.0
vincristine sulfate,3,0,4,397.6666666666667,467.04484676408634,102.0,1057,,34.0
r(-)-n-allylnorapomorphine,1,0,4,398.0,0.0,,398,,
ncgc00182837-01,1,0,4,400.0,0.0,,400,,
BRD-A31107743,3,0,4,401.0,179.1479835220034,650.0,236,,317.0
BRD-K17953061,3,0,4,401.6666666666667,291.390154641886,282.0,803,,120.0
BRD-K74761218,4,0,4,402.5,273.93931809800506,405.0,849,177.0,179.0
ml 3163,2,0,4,402.5,34.5,437.0,368,,
NU-7441,3,0,4,402.6666666666667,212.07598219087004,691.0,187,,330.0
BRD-K14027855,2,0,4,403.0,60.0,343.0,463,,
BRD-K98896788,1,0,4,403.0,0.0,,403,,
chloroxine,1,0,4,405.0,0.0,,405,,
BRD-U82589721,4,0,4,405.25,286.907977407391,471.0,842,91.0,217.0
BRD-K80786583,3,0,4,405.6666666666667,259.40487445090326,318.0,758,,141.0
iopanoic acid,3,0,4,407.0,258.1666128685117,322.0,757,,142.0
tanespimycin,3,0,4,408.6666666666667,311.9148744271246,273.0,840,,113.0
BRD-K05649647,4,0,4,409.0,208.20662813657015,711.0,453,135.0,337.0
pdgf receptor tyrosine kinase inhibitor i,2,0,4,409.0,14.0,395.0,423,,
imd 0354,4,0,4,409.25,208.3799114598142,455.0,731,242.0,209.0
trichostatin a,4,0,4,409.5,306.5163127795974,364.0,923,192.0,159.0
nonoxynol-9,3,0,4,411.0,171.47788973120316,428.0,612,,193.0
s1030,4,0,4,411.0,215.60380330597138,552.0,684,150.0,258.0
BRD-K06666320,4,0,4,412.0,190.50721771103582,739.0,293,273.0,343.0
stock1n-27488,4,0,4,412.25,181.14272687579813,655.0,499,175.0,320.0
pregnenolone succinate,2,0,4,412.5,5.5,418.0,407,,
BRD-K05153001,4,0,4,412.75,212.52926269104685,436.0,749,268.0,198.0
BRD-K39944607,3,0,4,413.6666666666667,205.91961754259572,392.0,676,,173.0
calyculin a,3,0,4,413.6666666666667,161.05968527916048,444.0,594,,203.0
WZ-4002,2,0,4,414.0,230.0,184.0,644,,
rs 17053 hydrochloride,3,0,4,415.0,372.6240285685649,223.0,936,,86.0
carbetapentane citrate,1,0,4,417.0,0.0,,417,,
BRD-K81814927,3,0,4,417.3333333333333,246.512113743366,486.0,679,87.0,
BRD-K45842176,2,0,4,418.0,73.0,345.0,491,,
r-96544 hydrochloride,1,0,4,418.0,0.0,,418,,
BRD-K84203638,4,0,4,418.25,304.07349029469833,422.0,913,149.0,189.0
WZ-4-145,4,0,4,418.25,215.63902128325475,638.0,608,119.0,308.0
BRD-K08463963,2,0,4,419.5,184.5,235.0,604,,
BMS509744,3,0,4,421.0,254.3868445235851,778.0,281,204.0,
gr-239,1,0,4,421.0,0.0,,421,,
BRD-K95138506,2,0,4,422.0,173.0,249.0,595,,
kf 38789,2,0,4,423.0,377.0,46.0,800,,
curcumin,4,0,4,423.75,420.6229754780402,373.0,1122,37.0,163.0
ct-200783,4,0,4,424.25,252.59589763097895,584.0,741,97.0,275.0
sorafenib,4,0,4,424.75,220.44883193158452,727.0,506,126.0,340.0
"9-amino-1,2,3,4-tetrahydroacridine",1,0,4,425.0,0.0,,425,,
hdac6 inhibitor isox,4,0,4,426.0,330.0855949598528,400.0,973,155.0,176.0
AZD-5438,4,0,4,426.5,283.9634659599717,578.0,799,56.0,273.0
GSK-1070916,3,0,4,426.6666666666667,197.2246322231469,421.0,671,,188.0
abt-751,3,0,4,427.0,340.08626356656436,271.0,899,,111.0
ku 0060648 trihydrochloride,3,0,4,427.0,139.10427743243557,502.0,547,,232.0
BRD-K07877311,3,0,4,428.0,145.99543371854705,492.0,566,,226.0
MLN-8054,3,0,4,428.0,407.28450334706656,208.0,999,,77.0
tomoxetine hydrochloride,1,0,4,428.0,0.0,,428,,
GW-843682X,2,0,4,429.0,28.0,457.0,401,,
ncgc00238427-01,1,0,4,429.0,0.0,,429,,
vu0418946-2,4,0,4,429.0,205.37161439692682,666.0,578,147.0,325.0
BRD-K60070073,2,0,4,430.0,109.0,321.0,539,,
hy-70044,1,0,4,431.0,0.0,,431,,
BRD-K04853698,4,0,4,432.0,280.57708388248676,543.0,832,99.0,254.0
naltrexone hydrochloride dihydrate,1,0,4,432.0,0.0,,432,,
rottlerin ncgc00025228-11,4,0,4,433.0,236.4582415565167,449.0,812,265.0,206.0
BRD-K86761848,2,0,4,435.0,293.0,142.0,728,,
npc 15199,2,0,4,435.0,102.0,333.0,537,,
quinacrine dihydrochloride dihydrate,3,0,4,435.0,166.37507826194002,470.0,619,,216.0
piplartine,4,0,4,435.25,234.1307060169597,485.0,798,237.0,221.0
s1266,3,0,4,435.6666666666667,263.90191780701826,360.0,790,,157.0
BRD-A26199074,2,0,4,436.5,111.5,325.0,548,,
arp 101,4,0,4,436.75,281.57270375517584,614.0,783,55.0,295.0
bg fa 0953,1,0,4,438.0,0.0,,438,,
bendroflumethiazide,1,0,4,439.0,0.0,,439,,
ncgc00182371-01,3,0,4,440.3333333333333,184.37341336417123,454.0,659,,208.0
cabergoline,2,0,4,441.0,89.0,352.0,530,,
mirtazapine,1,0,4,441.0,0.0,,441,,
fu jmbii127b,1,0,4,442.0,0.0,,442,,
caffeic acid phenethyl ester,1,0,4,443.0,0.0,,443,,
ly 303511,2,0,4,443.0,29.0,472.0,414,,
ncgc00188536-01,3,0,4,444.6666666666667,179.1020813825332,467.0,652,,215.0
amitriptyline hydrochloride,2,0,4,445.5,116.5,329.0,562,,
torin-1,4,0,4,445.5,207.3288450746784,639.0,656,178.0,309.0
fenretinide,3,0,4,446.3333333333333,510.9705362238501,132.0,1167,40.0,
periplocymarin,3,0,4,446.3333333333333,155.6541750876674,506.0,600,,233.0
km 00927,4,0,4,446.5,193.0990678382472,612.0,662,219.0,293.0
ponatinib,4,0,4,447.5,326.1767159071904,461.0,974,143.0,212.0
dmbi,1,0,4,448.0,0.0,,448,,
BRD-K60067222,1,0,4,449.0,0.0,,449,,
angiogenesis inhibitor,1,0,4,450.0,0.0,,450,,
BRD-K34711351,2,0,4,451.0,83.0,368.0,534,,
GSK-1904529A,1,0,4,451.0,0.0,,451,,
cgs 12066b,2,0,4,451.5,53.5,398.0,505,,
BRD-A51777634,4,0,4,451.75,238.4830968852929,526.0,810,228.0,243.0
BRD-K90430314,2,0,4,452.0,150.0,302.0,602,,
vorinostat,4,0,4,452.0,309.6263877643506,474.0,949,167.0,218.0
BRD-K19295594,3,0,4,452.6666666666667,156.92956664978365,599.0,524,235.0,
chlorpromazine,1,0,4,454.0,0.0,,454,,
methyltestosterone,2,0,4,455.5,345.5,110.0,801,,
BRD-K82580504,1,0,4,456.0,0.0,,456,,
verteporfin,2,0,4,456.0,55.0,401.0,511,,
BRD-K97764662,3,0,4,456.6666666666667,287.664542286478,686.0,633,51.0,
olopatadine hydrochloride,1,0,4,457.0,0.0,,457,,
BRD-K63175663,1,0,4,460.0,0.0,,460,,
bay 11-7821,2,0,4,460.0,95.0,365.0,555,,
mln4924,3,0,4,462.3333333333333,154.30345283095758,534.0,605,,248.0
bi 2536,3,0,4,466.3333333333333,150.1384546195796,675.0,396,,328.0
BRD-K28907958,3,0,4,467.0,230.2882252019557,439.0,762,,200.0
BRD-K50140147,3,0,4,467.3333333333333,267.7440734897579,402.0,823,,177.0
BRD-K53903639,3,0,4,467.6666666666667,223.83674606482484,446.0,752,,205.0
BRD-A58924247,4,0,4,467.75,253.73349700029755,560.0,841,209.0,261.0
gr-108,1,0,4,468.0,0.0,,468,,
ncgc00183696-01,3,0,4,468.6666666666667,157.2563370918818,538.0,617,,251.0
gamma-linolenic acid (18:3 n-6),1,0,4,470.0,0.0,,470,,
todralazine hydrochloride,1,0,4,471.0,0.0,,471,,
BRD-K18761689,1,0,4,472.0,0.0,,472,,
formoterol hemifumarate,1,0,4,473.0,0.0,,473,,
mitoxantrone dihydrochloride,4,0,4,474.5,307.31945919515084,514.0,961,187.0,236.0
BRD-A47832959,1,0,4,475.0,0.0,,475,,
prostaglandin a1,3,0,4,475.6666666666667,295.5777769424187,383.0,875,,169.0
"w-12, hydrochloride",1,0,4,476.0,0.0,,476,,
BRD-K31342827,4,0,4,478.0,311.1318048673263,603.0,919,103.0,287.0
icariin,2,0,4,480.0,129.0,351.0,609,,
mefenamic acid,1,0,4,480.0,0.0,,480,,
westcort,2,0,4,481.5,203.5,278.0,685,,
BRD-K45818044,1,0,4,482.0,0.0,,482,,
sirolimus,4,0,4,482.0,457.8596946663901,357.0,1262,153.0,156.0
diphenyleneiodonium chloride,2,0,4,483.0,121.0,604.0,362,,
NVP-AEW541,3,0,4,484.3333333333333,374.9456256875418,394.0,982,77.0,
sb 431542,1,0,4,485.0,0.0,,485,,
methylstat,2,0,4,485.5,202.5,283.0,688,,
BRD-K67941506,1,0,4,486.0,0.0,,486,,
cucurbitacin i,3,0,4,486.3333333333333,415.1227395468585,277.0,1066,,116.0
NVP-TAE226,2,0,4,486.5,160.5,647.0,326,,
pifithrin- ?,3,0,4,486.6666666666667,207.49511373095564,496.0,736,,228.0
e6 berbamine,2,0,4,487.5,278.5,209.0,766,,
menadione,3,0,4,489.0,191.9079640522161,520.0,707,,240.0
BRD-K75081836,3,0,4,490.3333333333333,181.3033063374435,536.0,686,,249.0
"2,4-dideoxy-dc-45-a2",1,0,4,493.0,0.0,,493,,
BRD-K67619794,1,0,4,494.0,0.0,,494,,
CGK-733,3,0,4,494.0,136.85028315644803,642.0,528,,312.0
camptothecin,3,0,4,495.0,545.2650731524989,160.0,1264,,61.0
sunitinib,3,0,4,495.0,240.6837482396073,726.0,596,163.0,
ag14361,3,0,4,495.6666666666667,324.6396292643412,381.0,938,,168.0
BRD-K12184916,4,0,4,496.0,314.11224108588954,789.0,792,47.0,356.0
ncgc00167398-02,4,0,4,496.0,428.3421529571891,463.0,1203,105.0,213.0
biperiden hydrochloride,2,0,4,496.5,157.5,339.0,654,,
thm-i-94,4,0,4,496.75,480.0246738450014,386.0,1310,120.0,171.0
parthenolide,4,0,4,497.25,397.9110296284837,544.0,1121,69.0,255.0
nutlin-3,4,0,4,497.5,386.38484701137025,533.0,1110,100.0,247.0
spb02303,2,0,4,498.0,90.0,588.0,408,,
roscovitine,2,0,4,499.0,8.0,491.0,507,,
BRD-K08316444,2,0,4,499.5,246.5,253.0,746,,
ncgc00241435-01,1,0,4,502.0,0.0,,502,,
BIX-01294,3,0,4,503.0,627.5226423537773,84.0,1390,35.0,
esculin hydrate,1,0,4,503.0,0.0,,503,,
zd 7155 hydrochloride,3,0,4,503.3333333333333,290.325487838889,480.0,870,160.0,
BRD-A50774520,2,0,4,503.5,411.5,92.0,915,,
chaetocin,4,0,4,503.75,347.44091224264304,636.0,997,76.0,306.0
BRD-K77547920,3,0,4,505.6666666666667,494.330748476047,229.0,1200,,88.0
BI-2536,4,0,4,506.5,269.3041960311796,658.0,864,182.0,322.0
hydrocortisone,2,0,4,507.5,328.5,179.0,836,,
BRD-K46373671,1,0,4,508.0,0.0,,508,,
BRD-K25737009,4,0,4,508.5,259.7551731919886,696.0,822,184.0,332.0
akt inhibitor iv,3,0,4,508.6666666666667,425.75136197342005,295.0,1103,,128.0
ivermectin,1,0,4,509.0,0.0,,509,,
fluticasone propionate,2,0,4,510.5,221.5,289.0,732,,
GSK-461364,4,0,4,515.0,604.6498987017197,276.0,1556,113.0,115.0
BRD-K15563106,4,0,4,515.5,351.4644363232218,546.0,1077,183.0,256.0
glimepiride,1,0,4,516.0,0.0,,516,,
sid 26681509,3,0,4,516.0,292.66021253323794,441.0,906,,201.0
cosmosiin,1,0,4,517.0,0.0,,517,,
GSK-1059615,4,0,4,517.5,252.34946007471464,840.0,668,191.0,371.0
amlodipine base,1,0,4,518.0,0.0,,518,,
z-leu3-vs,2,0,4,518.5,7.5,511.0,526,,
my-5445,1,0,4,519.0,0.0,,519,,
linopirdine dihydrochloride,2,0,4,520.0,105.0,415.0,625,,
BRD-K86027709,3,0,4,520.6666666666666,428.4462886082948,310.0,1118,,134.0
pac 1,3,0,4,521.6666666666666,176.439476560346,764.0,452,,349.0
n-benzylnaltrindole hydrochloride,2,0,4,522.5,197.5,720.0,325,,
toremifene,2,0,4,523.0,187.0,336.0,710,,
BRD-K52522949,3,0,4,523.3333333333334,305.66902943470666,438.0,933,,199.0
hy-11066,2,0,4,524.5,184.5,340.0,709,,
KIN001-127,3,0,4,524.6666666666666,313.9175404819269,432.0,947,195.0,
isoxsuprine hydrochloride,1,0,4,525.0,0.0,,525,,
atorvastatin,2,0,4,526.5,293.5,820.0,233,,
BRD-K54256913,2,0,4,529.0,54.0,475.0,583,,
s1260,1,0,4,529.0,0.0,,529,,
nsc 95397,3,0,4,529.3333333333334,195.7827594270979,575.0,743,,270.0
BRD-A43155244,3,0,4,530.0,605.819004874118,150.0,1385,,55.0
SU-11274,2,0,4,530.0,140.0,390.0,670,,
cyclo [arg-gly-asp-d-phe-val],1,0,4,532.0,0.0,,532,,
BRD-A52193669,3,0,4,532.6666666666666,321.44914925312145,435.0,966,,197.0
torin-2,3,0,4,532.6666666666666,148.13582356142697,677.0,592,,329.0
s1085,4,0,4,532.75,350.9667897394282,652.0,1043,118.0,318.0
sarmentogenin,4,0,4,534.25,314.1459652772895,623.0,1008,207.0,299.0
BRD-K06405410,2,0,4,534.5,147.5,387.0,682,,
ag 592,2,0,4,535.5,13.5,549.0,522,,
nnc 55-0396 dihydrochloride,2,0,4,536.5,24.5,561.0,512,,
t542500,2,0,4,538.0,268.0,270.0,806,,
bjm-ctd2-9,4,0,4,538.5,235.6920660522963,729.0,813,271.0,341.0
le 300,1,0,4,540.0,0.0,,540,,
doxorubicin hydrochloride,4,0,4,540.25,393.6091811683259,628.0,1137,94.0,302.0
scoulerine,1,0,4,541.0,0.0,,541,,
rizatriptan benzoate,2,0,4,541.5,170.5,371.0,712,,
kuc103428n,1,0,4,542.0,0.0,,542,,
BRD-K08448573,3,0,4,543.0,341.15783248617737,429.0,1006,,194.0
bufalin,4,0,4,543.25,421.7863054912997,664.0,1160,25.0,324.0
(-)-JQ1,1,0,4,544.0,0.0,,544,,
ncgc00185087-01,2,0,4,544.5,111.5,656.0,433,,
BRD-A41250203,1,0,4,545.0,0.0,,545,,
BRD-K10705233,3,0,4,545.3333333333334,396.9016110938439,378.0,1093,,165.0
BRD-K39757396,2,0,4,546.0,153.0,393.0,699,,
zm 336372,2,0,4,546.5,473.5,73.0,1020,,
BRD-K34363599,3,0,4,548.3333333333334,267.56473775310695,516.0,891,,238.0
BRD-K10906552,2,0,4,549.0,186.0,363.0,735,,
cccp,3,0,4,549.0,190.93454375780198,609.0,747,,291.0
7b-cis,4,0,4,549.75,381.9976276104343,598.0,1152,165.0,284.0
brivanib,2,0,4,550.0,140.0,410.0,690,,
r(+)-6-bromo-apb,1,0,4,552.0,0.0,,552,,
nilotinib,4,0,4,552.25,589.1601543723065,399.0,1553,82.0,175.0
prestw-550,2,0,4,553.0,176.0,377.0,729,,
digoxin,4,0,4,554.75,447.4971368623491,558.0,1280,121.0,260.0
ftt,2,0,4,555.0,180.0,735.0,375,,
BRD-K64606589,4,0,4,555.25,401.49494081494976,649.0,1161,95.0,316.0
BRD-A82238138 (budesonide),2,0,4,556.0,209.0,347.0,765,,
BRD-K00313977,2,0,4,556.5,119.5,676.0,437,,
BRD-K23478508 (digoxin),4,0,4,558.75,439.7455940654778,569.0,1269,130.0,267.0
BRD-U88878891,1,0,4,560.0,0.0,,560,,
BRD-K92317137,4,0,4,560.75,328.61327955516344,732.0,1005,164.0,342.0
XMD16-144,4,0,4,560.75,286.387303314934,766.0,911,216.0,350.0
lumicolchicine gamma,1,0,4,561.0,0.0,,561,,
narciclasine,4,0,4,561.0,431.1223724187832,500.0,1283,231.0,230.0
BRD-K86574132,4,0,4,563.25,431.710768339174,625.0,1235,93.0,300.0
curcubitacin i,4,0,4,563.25,470.2373735678609,525.0,1341,145.0,242.0
HG-6-64-01,4,0,4,563.5,262.971956679795,927.0,691,256.0,380.0
ncgc00188530-01,3,0,4,563.6666666666666,274.38942318456003,888.0,586,217.0,
daunorubicin hydrochloride,4,0,4,563.75,447.6758732610012,641.0,1250,53.0,311.0
tms,1,0,4,565.0,0.0,,565,,
mg-132,4,0,4,566.0,352.5868687288283,634.0,1113,212.0,305.0
tl hras26 brd-k01877528,3,0,4,566.0,265.9034912645313,542.0,903,,253.0
s1057,4,0,4,567.0,463.7644876443215,460.0,1353,244.0,211.0
ac-1121,1,0,4,568.0,0.0,,568,,
JW-7-24-1,4,0,4,568.5,396.74078439202594,576.0,1213,214.0,271.0
metergoline,2,0,4,570.5,122.5,448.0,693,,
BRD-K89224880,3,0,4,571.3333333333334,221.51799525596613,602.0,826,,286.0
BRD-K25690923,2,0,4,573.5,100.5,473.0,674,,
p5172,1,0,4,574.0,0.0,,574,,
BRD-K19540840,2,0,4,574.5,470.5,1045.0,104,,
quinine hemisulfate salt monohydrate,1,0,4,575.0,0.0,,575,,
rhodomyrtoxin b,4,0,4,576.75,292.1090335816405,752.0,962,246.0,347.0
BRD-K74486276,1,0,4,577.0,0.0,,577,,
BRD-K49010888,4,0,4,578.25,417.4118919005543,637.0,1231,138.0,307.0
"amethopterin (r,s)",1,0,4,579.0,0.0,,579,,
mst- 312,2,0,4,580.5,213.5,794.0,367,,
BRD-K82971429,2,0,4,581.0,457.0,124.0,1038,,
BRD-K89059493,2,0,4,583.0,121.0,462.0,704,,
tws119,2,0,4,583.5,275.5,308.0,859,,
tivantinib,3,0,4,585.6666666666666,395.5050217408399,433.0,1128,,196.0
s1249,3,0,4,586.3333333333334,441.49317347182415,389.0,1198,,172.0
t5212475,3,0,4,586.3333333333334,253.93218692311447,585.0,898,,276.0
danazol,1,0,4,587.0,0.0,,587,,
nicardipine hydrochloride,3,0,4,587.6666666666666,251.49199236202776,591.0,894,,278.0
fluconazole,1,0,4,588.0,0.0,,588,,
gmx-1778,2,0,4,588.0,123.0,465.0,711,,
BRD-K88868628,2,0,4,589.0,130.0,459.0,719,,
BRD-K48970916 (danazol),2,0,4,590.0,111.0,479.0,701,,
BRD-K95495709,1,0,4,590.0,0.0,,590,,
CC-401,4,0,4,590.75,598.8987289183373,498.0,1590,46.0,229.0
spiperone,1,0,4,591.0,0.0,,591,,
ag 494,1,0,4,593.0,0.0,,593,,
pi 828,4,0,4,593.0,412.03640615848497,631.0,1249,189.0,303.0
afatinib,4,0,4,594.5,559.385600458217,420.0,1551,220.0,187.0
"l-690,488",3,0,4,595.0,259.2463435936304,592.0,914,,279.0
QL-XII-47,4,0,4,596.25,370.5383752055919,744.0,1127,169.0,345.0
BRD-K80334323 (norethynodrel),1,0,4,599.0,0.0,,599,,
anisomycin,4,0,4,599.75,418.46587375794456,881.0,1105,38.0,375.0
ryuvidine,2,0,4,600.0,204.0,396.0,804,,
digoxigenin,3,0,4,601.6666666666666,283.3435292283125,951.0,597,257.0,
KI20227,2,0,4,602.5,152.5,450.0,755,,
BRD-K89626439,1,0,4,603.0,0.0,,603,,
dl-pdmp,3,0,4,603.0,244.3331059571475,617.0,895,,297.0
BRD-K74133369,3,0,4,605.6666666666666,371.3132849165991,487.0,1108,,222.0
emetine,3,0,4,608.0,322.0434753259255,540.0,1032,,252.0
BRD-K45399554,2,0,4,609.0,73.0,682.0,536,,
ncgc00183690-01,3,0,4,609.3333333333334,264.1544161197302,605.0,935,,288.0
pp 2,1,0,4,610.0,0.0,,610,,
teniposide,4,0,4,611.75,434.8185684857536,618.0,1318,213.0,298.0
arachidonyl trifluoro-methyl ketone,4,0,4,612.5,405.89807833987095,792.0,1179,122.0,357.0
palda,1,0,4,613.0,0.0,,613,,
irinotecan hydrochloride trihydrate,3,0,4,613.6666666666666,322.69111477627575,783.0,896,162.0,
BRD-K53414658,3,0,4,614.0,396.8408581114937,862.0,926,54.0,
cuneatin methyl ether,2,0,4,614.0,174.0,440.0,788,,
cytosporone b,1,0,4,614.0,0.0,,614,,
fluocinolone acetonide,2,0,4,614.0,202.0,412.0,816,,
BRD-K02174945,1,0,4,615.0,0.0,,615,,
entinostat,2,0,4,616.0,73.0,689.0,543,,
meloxicam sodium,1,0,4,616.0,0.0,,616,,
homoharringtonine,3,0,4,616.3333333333334,446.994655697607,424.0,1234,,191.0
strophantine octahydrate,3,0,4,617.3333333333334,467.8641778218214,406.0,1266,,180.0
sericetin dimethyl ether,2,0,4,617.5,135.5,482.0,753,,
BRD-K36055864 (cycloheximide),3,0,4,619.0,543.2697304286334,330.0,1380,,147.0
temsirolimus [ci779],2,0,4,619.5,215.5,404.0,835,,
bl-009,1,0,4,620.0,0.0,,620,,
XMD-885,3,0,4,620.3333333333334,340.87762548391987,940.0,773,148.0,
BRD-K11671649,2,0,4,621.0,168.0,453.0,789,,
k784-3131,3,0,4,621.0,316.83539364576467,565.0,1034,,264.0
vu0410183-2,3,0,4,621.3333333333334,239.97546170853016,648.0,901,,315.0
BRD-K40175214,2,0,4,622.0,209.0,413.0,831,,
mls-0091944.0001,1,0,4,623.0,0.0,,623,,
dovitinib,3,0,4,623.6666666666666,206.1622877465442,716.0,817,,338.0
BRD-K85123403,1,0,4,624.0,0.0,,624,,
bibx 1382 dihydrochloride,2,0,4,624.0,380.0,244.0,1004,,
BRD-K17140735,4,0,4,624.75,355.3444631621548,872.0,1063,190.0,374.0
celastrol,4,0,4,624.75,436.0770430783992,819.0,1230,89.0,361.0
BRD-K43620258,3,0,4,625.3333333333334,307.0475895072655,580.0,1022,,274.0
BRD-A18763547,3,0,4,626.0,477.11074884838496,408.0,1288,,182.0
cimetidine,1,0,4,626.0,0.0,,626,,
scriptaid,4,0,4,626.0,355.6304261448955,725.0,1165,275.0,339.0
BRD-U86922168,3,0,4,626.3333333333334,363.80794689261836,818.0,944,117.0,
ay 9944,2,0,4,627.5,33.5,594.0,661,,
btb06091sc,1,0,4,629.0,0.0,,629,,
ro 28-1675 ?,4,0,4,629.0,439.4138140750698,742.0,1291,139.0,344.0
thioridazine hydrochloride,3,0,4,629.6666666666666,264.9582776379875,632.0,953,,304.0
BRD-K06436323,1,0,4,630.0,0.0,,630,,
s1142,2,0,4,630.5,130.5,761.0,500,,
vu0418934-2,1,0,4,631.0,0.0,,631,,
l-6307,4,0,4,632.5,347.26106893805417,1010.0,934,197.0,389.0
BRD-K70161581,2,0,4,633.5,53.5,687.0,580,,
s1018,1,0,4,635.0,0.0,,635,,
u 18666a,1,0,4,636.0,0.0,,636,,
BRD-A94377914,3,0,4,637.0,287.8274946329253,615.0,1000,,296.0
BRD-K20000640,1,0,4,637.0,0.0,,637,,
proscillaridin a,3,0,4,637.0,331.5328038068028,571.0,1072,,268.0
BRD-A12409803,1,0,4,638.0,0.0,,638,,
clocortolone pivalate,3,0,4,638.0,312.3022040694985,593.0,1041,,280.0
niclosamide,4,0,4,638.25,346.73936537405154,811.0,1120,262.0,360.0
wortmannin,3,0,4,640.6666666666666,368.66094028102424,537.0,1135,,250.0
BRD-K16118047,1,0,4,641.0,0.0,,641,,
methylene blue,3,0,4,641.6666666666666,277.7724888385377,916.0,748,261.0,
6-diazo-5-oxo-l-norleucine,1,0,4,642.0,0.0,,642,,
ncgc00241357-01,2,0,4,642.0,236.0,878.0,406,,
x0379,1,0,4,643.0,0.0,,643,,
PIK-93,2,0,4,643.5,387.5,1031.0,256,,
BRD-K56411643,4,0,4,643.75,447.0153101404917,771.0,1311,141.0,352.0
BRD-K97701319,1,0,4,645.0,0.0,,645,,
am 404,2,0,4,645.0,388.0,257.0,1033,,
mestanolone,3,0,4,645.0,507.96128461396216,466.0,1337,132.0,
BRD-K62818989,1,0,4,646.0,0.0,,646,,
BRD-K73261812,3,0,4,646.0,304.8015747990814,610.0,1036,,292.0
mitomycin c,3,0,4,646.6666666666666,469.48577069905843,442.0,1296,,202.0
tyrphostin ag 1478,4,0,4,646.75,438.3248652540716,858.0,1247,110.0,372.0
BRD-K68548958,3,0,4,647.0,309.92902413294564,607.0,1045,,289.0
BRD-A36630025,3,0,4,647.3333333333334,241.19194753464626,695.0,916,,331.0
INK-128,2,0,4,648.0,273.0,375.0,921,,
BRD-K68007270,2,0,4,648.5,144.5,504.0,793,,
BRD-K26664453,3,0,4,648.6666666666666,436.68549577724957,478.0,1248,,220.0
BRD-K52075040,3,0,4,649.0,275.5902755904134,644.0,989,,314.0
AS-601245,3,0,4,649.6666666666666,209.94655404544164,774.0,821,,354.0
ei-286,1,0,4,650.0,0.0,,650,,
vu0365118-1,1,0,4,651.0,0.0,,651,,
JNK-IN-5A,4,0,4,652.25,477.6302832735797,776.0,1369,109.0,355.0
hki-272,3,0,4,652.6666666666666,335.7542090412105,589.0,1092,,277.0
bisacodyl,1,0,4,653.0,0.0,,653,,
BRD-A20697603,4,0,4,653.5,410.1649058610451,827.0,1237,186.0,364.0
s1130,2,0,4,653.5,103.5,757.0,550,,
meprylcaine hydrochloride,2,0,4,654.0,115.0,539.0,769,,
BRD-A94793051,1,0,4,655.0,0.0,,655,,
sib 1893,2,0,4,656.0,221.0,877.0,435,,
s1017,2,0,4,656.5,314.5,342.0,971,,
r2146,3,0,4,657.6666666666666,322.3934793936682,608.0,1075,,290.0
np-004102,1,0,4,658.0,0.0,,658,,
brl 54443,2,0,4,659.0,201.0,458.0,860,,
ncgc00238548-02,1,0,4,660.0,0.0,,660,,
BRD-K71726959,2,0,4,660.5,334.5,326.0,995,,
etoposide,3,0,4,661.3333333333334,412.60177195720115,521.0,1222,,241.0
ncgc00184830-01,1,0,4,663.0,0.0,,663,,
AKT-inhibitor-1-2,1,0,4,665.0,0.0,,665,,
cycloheximide,3,0,4,665.6666666666666,363.0797280059696,577.0,1148,,272.0
PF 573228,1,0,4,666.0,0.0,,666,,
puromycin hydrochloride,3,0,4,667.6666666666666,276.00161030126054,673.0,1003,,327.0
BRD-K81795824,3,0,4,669.0,289.1643131508451,657.0,1029,,321.0
cvf-csc-7 brd-a32595718,3,0,4,670.6666666666666,495.90948994975105,548.0,1330,134.0,
pi 103 hydrochloride,3,0,4,671.0,222.54437759691885,799.0,856,,358.0
pnu 74654,3,0,4,672.6666666666666,376.39547759710865,574.0,1175,,269.0
bms 191011,1,0,4,673.0,0.0,,673,,
BRD-K35004659,2,0,4,674.0,177.0,851.0,497,,
BRD-K70917163,2,0,4,674.0,110.0,564.0,784,,
ncgc00242337-01,2,0,4,674.5,152.5,522.0,827,,
ncgc00165188-01,3,0,4,677.0,542.7565445636438,414.0,1433,,184.0
ntncb hydrochloride,2,0,4,680.0,41.0,721.0,639,,
retinoic acid,1,0,4,680.0,0.0,,680,,
lfm-a13,1,0,4,683.0,0.0,,683,,
valproic acid,2,0,4,684.5,30.5,654.0,715,,
brefeldin a,3,0,4,686.0,380.1219102691486,999.0,908,151.0,
malonoben,4,0,4,686.75,412.4362829577437,866.0,1274,234.0,373.0
dipropyldopamine,1,0,4,687.0,0.0,,687,,
BRD-K88551539,2,0,4,687.5,9.5,678.0,697,,
rs 39604 hydrochloride,1,0,4,689.0,0.0,,689,,
sulpiride,2,0,4,689.5,78.5,611.0,768,,
BRD-K80094086,1,0,4,692.0,0.0,,692,,
forskolin,2,0,4,692.0,41.0,651.0,733,,
lylamine hydrochloride,2,0,4,692.0,142.0,550.0,834,,
trifluoperazine dihydrochloride,2,0,4,692.5,194.5,887.0,498,,
PF-477736,4,0,4,695.0,493.25399136753066,768.0,1468,193.0,351.0
sr 142948,1,0,4,695.0,0.0,,695,,
BRD-K05520923,1,0,4,696.0,0.0,,696,,
salermide,4,0,4,696.5,422.861975117177,898.0,1287,222.0,379.0
BRD-A68065211,3,0,4,697.6666666666666,343.94314775684785,843.0,1027,223.0,
BRD-K10649245,1,0,4,698.0,0.0,,698,,
dorsomorphin dihydrochloride,3,0,4,698.3333333333334,369.92822126581376,613.0,1188,,294.0
tg101348,4,0,4,699.5,439.41694323273424,834.0,1357,239.0,368.0
"mapp, d-erythro",1,0,4,700.0,0.0,,700,,
digitoxin,4,0,4,700.25,404.71123965118636,967.0,1216,232.0,386.0
gw 441756,2,0,4,701.0,334.0,367.0,1035,,
chemistry 2804,4,0,4,701.25,439.025269773848,824.0,1365,253.0,363.0
ncgc00242557-01,1,0,4,702.0,0.0,,702,,
TG-101348,3,0,4,702.3333333333334,543.3196317290791,445.0,1458,,204.0
BRD-K03736784,2,0,4,702.5,275.5,978.0,427,,
QL-XI-92,1,0,4,703.0,0.0,,703,,
salmeterol,2,0,4,704.0,175.0,529.0,879,,
np-009265,2,0,4,705.0,148.0,557.0,853,,
tacrolimus,2,0,4,705.0,262.0,443.0,967,,
BRD-K87909389,4,0,4,705.5,478.38765661333696,992.0,1326,116.0,388.0
kenpaullone,2,0,4,705.5,84.5,790.0,621,,
ciclopirox ethanolamine,2,0,4,706.5,174.5,532.0,881,,
px12,3,0,4,706.6666666666666,275.5664872383594,754.0,1018,,348.0
fluspirilen,2,0,4,707.5,29.5,737.0,678,,
BRD-K61105081,1,0,4,708.0,0.0,,708,,
amsacrine,3,0,4,712.6666666666666,483.069583209523,755.0,1282,101.0,
tolazamide,1,0,4,714.0,0.0,,714,,
pp-110,4,0,4,715.0,463.444171395002,942.0,1356,181.0,381.0
sb 225002,3,0,4,716.6666666666666,248.78013496972696,838.0,942,,370.0
azd8055,4,0,4,718.5,510.7957028010318,956.0,1427,108.0,383.0
p0030,2,0,4,720.0,507.0,213.0,1227,,
BRD-K34294489,1,0,4,721.0,0.0,,721,,
darinaparsin,1,0,4,722.0,0.0,,722,,
hy-10161,2,0,4,722.0,215.0,507.0,937,,
BRD-K16618170,1,0,4,724.0,0.0,,724,,
jak3 inhibitor ii,1,0,4,725.0,0.0,,725,,
jnj 16259685,2,0,4,725.5,201.5,524.0,927,,
"chrysene-1,4-quinone",2,0,4,726.0,8.0,734.0,718,,
ei-195,1,0,4,726.0,0.0,,726,,
BMS-777607,1,0,4,727.0,0.0,,727,,
enzastaurin,2,0,4,727.0,204.0,523.0,931,,
BRD-K19166598,2,0,4,729.0,318.0,411.0,1047,,
a-275,3,0,4,729.3333333333334,489.13960742875395,740.0,1323,125.0,
nsc 663284,2,0,4,732.0,160.0,572.0,892,,
t5345967,2,0,4,732.5,222.5,510.0,955,,
vx-680,3,0,4,733.3333333333334,517.9332861372098,515.0,1448,,237.0
BRD-K41859756,2,0,4,733.5,274.5,1008.0,459,,
amlodipine besylate,2,0,4,733.5,322.5,1056.0,411,,
qs 11,2,0,4,733.5,287.5,1021.0,446,,
AST1306,1,0,4,734.0,0.0,,734,,
BRD-K79222491,2,0,4,734.0,104.0,630.0,838,,
vinblastine sulfate,2,0,4,735.0,351.0,384.0,1086,,
C646,2,0,4,736.5,226.5,963.0,510,,
nifuroxazide,1,0,4,737.0,0.0,,737,,
fr 122047 hydrochloride,1,0,4,738.0,0.0,,738,,
hy-10181,2,0,4,738.0,260.0,998.0,478,,
HG-14-10-04,2,0,4,738.5,35.5,703.0,774,,
(e)-capsaicin,1,0,4,739.0,0.0,,739,,
sr 57227 hydrochloride,1,0,4,740.0,0.0,,740,,
cot-10b,4,0,4,741.0,488.0092212243535,950.0,1436,196.0,382.0
hy-50877,1,0,4,742.0,0.0,,742,,
BRD-K68437527,2,0,4,742.5,81.5,661.0,824,,
fostamatinib,2,0,4,743.5,527.5,216.0,1271,,
psb 36,1,0,4,744.0,0.0,,744,,
BRD-A98444709,1,0,4,745.0,0.0,,745,,
BRD-K31841256,2,0,4,745.0,163.0,908.0,582,,
mifepristone,2,0,4,745.0,200.0,545.0,945,,
BRD-K55722623,2,0,4,745.5,62.5,683.0,808,,
BRD-K66792149,3,0,4,748.3333333333334,430.7933250282424,719.0,1290,236.0,
dg-041,3,0,4,749.6666666666666,486.9293811449687,567.0,1416,,266.0
m9948,1,0,4,750.0,0.0,,750,,
ag 957,2,0,4,750.5,394.5,356.0,1145,,
t5323840,3,0,4,751.0,398.8015379442094,653.0,1281,,319.0
flurandrenolide,3,0,4,752.6666666666666,531.3143032978586,698.0,1429,131.0,
KIN001-043,4,0,4,753.75,530.4391458970576,828.0,1589,233.0,365.0
phenothiazine,1,0,4,754.0,0.0,,754,,
BRD-K46645809,1,0,4,756.0,0.0,,756,,
manumycin a,3,0,4,756.3333333333334,298.7934998549258,822.0,1085,,362.0
"betamethasone 17,21-dipropionate",2,0,4,757.5,375.5,382.0,1133,,
bifemelane hydrochloride,2,0,4,757.5,124.5,633.0,882,,
diphenylcyclopropenone,2,0,4,758.0,110.0,868.0,648,,
albendazole,1,0,4,759.0,0.0,,759,,
c3930,2,0,4,759.0,85.0,674.0,844,,
JWE-035,2,0,4,760.0,649.0,111.0,1409,,
mrs 1334,1,0,4,760.0,0.0,,760,,
GSK-2334470,1,0,4,761.0,0.0,,761,,
bucladesine,3,0,4,761.0,478.3854791553216,736.0,1359,188.0,
PD-173074,3,0,4,762.6666666666666,635.1432034501265,477.0,1643,168.0,
siguazodan,1,0,4,763.0,0.0,,763,,
BRD-K04363266,1,0,4,764.0,0.0,,764,,
le 135,3,0,4,764.0,507.94159769275313,566.0,1461,,265.0
SAR-245408,3,0,4,765.3333333333334,382.6297891638281,987.0,1082,227.0,
bml-259,2,0,4,766.0,50.0,816.0,716,,
NVP-BGT226,4,0,4,768.25,476.19658493105555,958.0,1459,272.0,384.0
donepezil hydrochloride,2,0,4,768.5,377.5,391.0,1146,,
bx-795,2,0,4,769.5,98.5,671.0,868,,
ZM-447439,2,0,4,770.0,451.0,319.0,1221,,
glycopyrrolate,2,0,4,770.0,180.0,590.0,950,,
rapamycin,1,0,4,770.0,0.0,,770,,
I-BET151,4,0,4,770.25,482.00434386009425,974.0,1462,258.0,387.0
BRD-K27484191,2,0,4,770.5,287.5,483.0,1058,,
BRD-K92980438,1,0,4,771.0,0.0,,771,,
s1527,2,0,4,771.0,290.0,481.0,1061,,
HG-9-91-01,2,0,4,772.0,150.0,622.0,922,,
BRD-K64642496,2,0,4,773.0,60.0,833.0,713,,
cay10594,2,0,4,773.0,124.0,897.0,649,,
ei-156,2,0,4,773.5,3.5,770.0,777,,
cerivastatin na,2,0,4,774.5,608.5,166.0,1383,,
tw 37,3,0,4,775.0,422.75603681871496,847.0,1253,225.0,
nsc 632839 hydrochloride,3,0,4,775.6666666666666,460.41816741836857,627.0,1399,,301.0
arvanil,1,0,4,776.0,0.0,,776,,
fluorometholone,1,0,4,778.0,0.0,,778,,
gr 46611,2,0,4,778.5,93.5,685.0,872,,
BRD-A37735495,3,0,4,778.6666666666666,567.2890699536603,528.0,1564,,244.0
AZD4547,3,0,4,779.0,602.4239924394335,493.0,1617,,227.0
amuvatinib,1,0,4,780.0,0.0,,780,,
tubocurarine chloride,1,0,4,781.0,0.0,,781,,
ci 976,1,0,4,782.0,0.0,,782,,
mw-ras12,3,0,4,782.0,418.7513184058847,875.0,1242,229.0,
hy-11009,2,0,4,784.0,107.0,891.0,677,,
nsc 23766,3,0,4,784.3333333333334,427.5311554599137,672.0,1355,,326.0
estradiol,1,0,4,785.0,0.0,,785,,
BRD-K05104363,2,0,4,786.0,292.0,494.0,1078,,
BRD-K72307842,2,0,4,787.0,282.0,505.0,1069,,
np-001821,2,0,4,788.5,235.5,553.0,1024,,
a-1065,3,0,4,789.6666666666666,422.52757963895755,842.0,1279,248.0,
azd-7545-a,2,0,4,790.0,169.0,621.0,959,,
b675700.cdx,3,0,4,791.0,528.2732878602387,791.0,1438,144.0,
doxorubicin,3,0,4,791.0,303.7904979861396,895.0,1100,,378.0
pkc-412,1,0,4,791.0,0.0,,791,,
BRD-K38615104,3,0,4,791.6666666666666,384.3560270836865,745.0,1284,,346.0
auranofin,3,0,4,791.6666666666666,415.67161183906813,701.0,1340,,334.0
m-3m3fbs,3,0,4,792.0,508.7815510282057,864.0,1376,136.0,
LY2603618,2,0,4,794.0,378.0,416.0,1172,,
"brl 37344, sodium salt",1,0,4,794.0,0.0,,794,,
"l-689,560",2,0,4,794.5,134.5,660.0,929,,
dactinomycin,2,0,4,795.0,102.0,693.0,897,,
s1040,1,0,4,795.0,0.0,,795,,
BRD-K05197617,1,0,4,797.0,0.0,,797,,
thapsigargin,3,0,4,799.0,512.759852822612,899.0,1371,127.0,
bibr1532,2,0,4,801.5,266.5,535.0,1068,,
linezolid,1,0,4,802.0,0.0,,802,,
BRD-A81530502,2,0,4,803.5,174.5,629.0,978,,
BRD-A41451487,2,0,4,804.0,136.0,668.0,940,,
alclometazone dipropionate,1,0,4,805.0,0.0,,805,,
mometasone furoate,3,0,4,805.3333333333334,602.2515163026898,530.0,1641,,245.0
dexamethasone,2,0,4,809.0,341.0,468.0,1150,,
jte 907,1,0,4,809.0,0.0,,809,,
maprotiline hydrochloride,2,0,4,809.5,306.5,503.0,1116,,
e3380,2,0,4,810.0,108.0,702.0,918,,
bongkrekic acid,1,0,4,811.0,0.0,,811,,
puromycin dihydrochloride,2,0,4,813.0,213.0,600.0,1026,,
zileuton,2,0,4,813.5,454.5,359.0,1268,,
wiskostatin,1,0,4,814.0,0.0,,814,,
idoxuridine,1,0,4,815.0,0.0,,815,,
podofilox,2,0,4,815.0,593.0,222.0,1408,,
cilostamide,1,0,4,818.0,0.0,,818,,
k784-3187,3,0,4,819.0,564.7247116958846,968.0,1424,65.0,
s1118,1,0,4,819.0,0.0,,819,,
BRD-K48950795,1,0,4,820.0,0.0,,820,,
mk-0591,3,0,4,821.6666666666666,455.32796482925966,853.0,1363,249.0,
THZ-2-98-01,2,0,4,824.0,256.0,568.0,1080,,
ncgc00182378-01,2,0,4,825.0,118.0,707.0,943,,
PF-3758309,3,0,4,825.3333333333334,456.1296112096015,706.0,1434,,336.0
BRD-K57080016,4,0,4,827.25,565.4831451953277,965.0,1693,266.0,385.0
b4313,3,0,4,827.6666666666666,461.1148326489714,704.0,1444,,335.0
BRD-K67090983,1,0,4,828.0,0.0,,828,,
triprolidine hydrochloride,1,0,4,829.0,0.0,,829,,
remoxipride hydrochloride,1,0,4,830.0,0.0,,830,,
moclobemide,2,0,4,833.5,336.5,497.0,1170,,
CTB,2,0,4,834.0,335.0,499.0,1169,,
cymarin,3,0,4,834.3333333333334,501.154888454879,856.0,1437,210.0,
azacytidine-5,2,0,4,835.0,405.0,430.0,1240,,
BRD-K64857848,2,0,4,835.5,147.5,688.0,983,,
BRD-K00366212,1,0,4,837.0,0.0,,837,,
c3393m50,2,0,4,838.0,469.0,369.0,1307,,
chr 2797,3,0,4,838.0,383.75599886733585,836.0,1309,,369.0
clobetasol propionate,2,0,4,838.0,141.0,697.0,979,,
arg-a1-2 brd-k39580048,1,0,4,839.0,0.0,,839,,
ALW-II-38-3,2,0,4,841.0,677.0,164.0,1518,,
clomid,1,0,4,843.0,0.0,,843,,
mdm2 inhibitor,2,0,4,843.0,409.0,434.0,1252,,
"15-deoxy-?12,14-prostaglandin j2",3,0,4,844.0,395.6993808435894,831.0,1335,,366.0
amiodarone hydrochloride,1,0,4,846.0,0.0,,846,,
BRD-K83670234,2,0,4,847.0,212.0,635.0,1059,,
bl-077,1,0,4,847.0,0.0,,847,,
BRD-K81538844,1,0,4,848.0,0.0,,848,,
perhexiline maleate,3,0,4,849.3333333333334,373.4901456382603,883.0,1289,,376.0
artesunate,2,0,4,850.5,133.5,717.0,984,,
st4029573,1,0,4,851.0,0.0,,851,,
BRD-A75409952 (wortmannin),2,0,4,852.0,236.0,616.0,1088,,
BRD-U74615290,1,0,4,852.0,0.0,,852,,
oxibendazole,2,0,4,852.5,273.5,579.0,1126,,
BRD-A40431293,3,0,4,853.0,546.0347974259516,923.0,1484,152.0,
r3904,1,0,4,854.0,0.0,,854,,
t7765,2,0,4,854.0,58.0,912.0,796,,
mk-2206,2,0,4,854.5,124.5,979.0,730,,
s1080,2,0,4,854.5,47.5,902.0,807,,
paroxetine,1,0,4,855.0,0.0,,855,,
cay10618,2,0,4,855.5,188.5,667.0,1044,,
BRD-K28366633,3,0,4,856.0,418.9343624006033,1051.0,1243,274.0,
daunorubicin,3,0,4,856.3333333333334,590.7404017182355,1039.0,1471,59.0,
at-csc-18 brd-k01121114,2,0,4,857.0,31.0,826.0,888,,
taxol,1,0,4,857.0,0.0,,857,,
cgk 733,2,0,4,857.5,284.5,573.0,1142,,
idelalisib,1,0,4,858.0,0.0,,858,,
BRD-K01896723,3,0,4,860.0,499.55380090636885,969.0,1410,201.0,
su11652,3,0,4,860.0,430.9300020498302,810.0,1411,,359.0
fluprostenol,2,0,4,861.0,199.0,662.0,1060,,
vu0420363-1,1,0,4,861.0,0.0,,861,,
exemestane,1,0,4,862.0,0.0,,862,,
ncgc00167098-01,2,0,4,863.0,239.0,624.0,1102,,
KU-55933,2,0,4,864.5,144.5,1009.0,720,,
hoechst  33342 (cell permeable) (bisbenzimide),1,0,4,865.0,0.0,,865,,
inhibitor bec hydrochloride,1,0,4,869.0,0.0,,869,,
CYT387,2,0,4,869.5,83.5,953.0,786,,
hy-11001,3,0,4,870.0,459.3263182821845,1044.0,1325,241.0,
OSI-930,1,0,4,871.0,0.0,,871,,
pp 1,2,0,4,871.5,46.5,918.0,825,,
BRD-K32896438,2,0,4,872.0,103.0,769.0,975,,
hy-10518,3,0,4,872.3333333333334,397.4219699792932,890.0,1350,,377.0
BRD-K76236182,2,0,4,872.5,514.5,358.0,1387,,
mls-0454415.0001,1,0,4,873.0,0.0,,873,,
BRD-K56593336,1,0,4,874.0,0.0,,874,,
taxifolin-(+/-),3,0,4,875.0,556.1696383898231,829.0,1578,218.0,
lde225 (nvp-lde225),1,0,4,876.0,0.0,,876,,
methyl benzethonium chloride,2,0,4,876.5,217.5,659.0,1094,,
bu 239 hydrochloride,1,0,4,877.0,0.0,,877,,
desoximetasone,2,0,4,877.5,368.5,509.0,1246,,
BRD-K48803730,1,0,4,878.0,0.0,,878,,
jlk 6,2,0,4,878.5,97.5,781.0,976,,
BRD-K00317371,2,0,4,879.5,187.5,692.0,1067,,
BRD-K65366129,2,0,4,879.5,296.5,583.0,1176,,
BRD-A60245366,1,0,4,880.0,0.0,,880,,
zardaverine,2,0,4,880.0,72.0,808.0,952,,
BRD-K99582188,1,0,4,883.0,0.0,,883,,
ouabain,3,0,4,883.3333333333334,505.26054884803966,920.0,1483,247.0,
thiazolopyrimidine,3,0,4,883.3333333333334,508.49997268655017,905.0,1495,250.0,
PHA-767491,3,0,4,884.0,551.0142163925235,949.0,1524,179.0,
gr-109,1,0,4,885.0,0.0,,885,,
BRD-K14704318,3,0,4,885.6666666666666,576.4959284813342,841.0,1613,203.0,
bas 00535043,1,0,4,886.0,0.0,,886,,
chlormadinone acetate,1,0,4,887.0,0.0,,887,,
ncgc00185684-02,2,0,4,888.5,39.5,849.0,928,,
pf 750,2,0,4,888.5,22.5,911.0,866,,
flumethasone,3,0,4,888.6666666666666,564.294446386124,874.0,1587,205.0,
ncgc00180994-01,1,0,4,889.0,0.0,,889,,
BRD-K03857568,2,0,4,889.5,219.5,670.0,1109,,
calcitriol,2,0,4,889.5,208.5,681.0,1098,,
s1035,1,0,4,890.0,0.0,,890,,
ca-074-me,3,0,4,892.6666666666666,522.7544569128247,961.0,1496,221.0,
BRD-A61825514,1,0,4,893.0,0.0,,893,,
mls-0390818.0001,2,0,4,894.0,180.0,714.0,1074,,
AZD-6482,2,0,4,895.5,854.5,41.0,1750,,
azacitidine,3,0,4,897.3333333333334,489.9825393714442,983.0,1450,259.0,
fccp,2,0,4,897.5,132.5,765.0,1030,,
BRD-K82857306,2,0,4,898.5,312.5,586.0,1211,,
BRD-K55612480,2,0,4,900.0,195.0,705.0,1095,,
NPK76-II-72-1,3,0,4,900.3333333333334,475.41303679595865,1043.0,1398,260.0,
BRD-A57107094,3,0,4,901.6666666666666,595.9901192320408,859.0,1652,194.0,
ro 31-8220 mesylate,3,0,4,902.0,495.3066390294669,973.0,1470,263.0,
s1174,1,0,4,902.0,0.0,,902,,
BRD-K39687892,2,0,4,903.0,572.0,331.0,1475,,
s1205,3,0,4,903.3333333333334,684.137088276579,948.0,1718,44.0,
ag-014699 (pf-01367338),2,0,4,904.0,103.0,801.0,1007,,
ed csc 15,1,0,4,904.0,0.0,,904,,
BRD-K58214070,2,0,4,904.5,144.5,760.0,1049,,
niguldipine,3,0,4,905.0,504.06613322724496,1007.0,1465,243.0,
s4002,1,0,4,905.0,0.0,,905,,
BRD-K26304855,3,0,4,906.0,520.7308965931123,991.0,1497,230.0,
anafranil,2,0,4,906.0,287.0,619.0,1193,,
gw 5074,1,0,4,907.0,0.0,,907,,
at-mlpcn csc-006,2,0,4,909.0,46.0,955.0,863,,
calpeptin,1,0,4,909.0,0.0,,909,,
BRD-K36354764,2,0,4,909.5,191.5,718.0,1101,,
BRD-A63583287,1,0,4,910.0,0.0,,910,,
cercosporin,3,0,4,911.6666666666666,535.3281444331338,896.0,1575,264.0,
bntx maleate,3,0,4,912.0,480.9885653526495,832.0,1537,,367.0
v4877,3,0,4,914.0,596.3639828158639,839.0,1679,224.0,
BRD-K40373196,2,0,4,915.0,236.0,679.0,1151,,
ag 82,3,0,4,915.0,614.723243961595,957.0,1646,142.0,
hy-50940,2,0,4,917.0,138.0,1055.0,779,,
s1014,1,0,4,917.0,0.0,,917,,
SGI-1776,2,0,4,923.0,677.0,246.0,1600,,
BRD-A00420644,1,0,4,924.0,0.0,,924,,
BRD-K28916077,2,0,4,925.0,624.0,301.0,1549,,
arg-csc-91,1,0,4,925.0,0.0,,925,,
BRD-K96076993,2,0,4,927.5,215.5,712.0,1143,,
bms-536924,3,0,4,928.0,544.4636504548919,772.0,1659,,353.0
clofarabine,2,0,4,930.0,109.0,821.0,1039,,
BRD-U25771771,2,0,4,932.0,61.0,871.0,993,,
api-2,3,0,4,937.0,600.0705514076379,1006.0,1635,170.0,
BRD-K60870698,2,0,4,938.5,46.5,892.0,985,,
BRD-K71935468,2,0,4,938.5,258.5,680.0,1197,,
AT7867,3,0,4,939.6666666666666,649.6021004344806,954.0,1728,137.0,
aminoglutethimide,2,0,4,940.0,231.0,709.0,1171,,
mln2238,3,0,4,940.3333333333334,573.0598184793238,966.0,1629,226.0,
BRD-A83124583,2,0,4,941.5,231.5,710.0,1173,,
ag-879,2,0,4,942.0,137.0,805.0,1079,,
bo2 (inhibits rad51),2,0,4,945.0,325.0,620.0,1270,,
BRD-K72264770,1,0,4,946.0,0.0,,946,,
BRD-K93568044 (hydrocortisone),1,0,4,948.0,0.0,,948,,
rottlerin,2,0,4,950.0,9.0,959.0,941,,
r(+)-skf-81297,1,0,4,951.0,0.0,,951,,
BRD-K87964538,2,0,4,951.5,238.5,713.0,1190,,
BRD-K11663430,2,0,4,953.5,394.5,559.0,1348,,
MK-1775,1,0,4,954.0,0.0,,954,,
memantine hydrochloride,2,0,4,954.0,384.0,570.0,1338,,
stk249718,2,0,4,954.0,9.0,945.0,963,,
embelin,1,0,4,956.0,0.0,,956,,
BRD-K78524708,1,0,4,957.0,0.0,,957,,
idarubicin hcl,2,0,4,958.0,199.0,759.0,1157,,
sildenafil citrate,1,0,4,958.0,0.0,,958,,
quizartinib,1,0,4,960.0,0.0,,960,,
sb 205384,2,0,4,962.5,336.5,626.0,1299,,
triamcinolone acetonide,2,0,4,964.5,176.5,788.0,1141,,
ketoprofen,1,0,4,965.0,0.0,,965,,
jtc 801,2,0,4,967.5,221.5,746.0,1189,,
BRD-K60219430,2,0,4,968.0,162.0,806.0,1130,,
GDC-0068,1,0,4,968.0,0.0,,968,,
cct 018159,1,0,4,969.0,0.0,,969,,
s-250,1,0,4,970.0,0.0,,970,,
BRD-K03122949,1,0,4,972.0,0.0,,972,,
BRD-K71303366,3,0,4,974.0,586.2871878752483,984.0,1687,251.0,
BRD-K32501161,2,0,4,974.5,447.5,527.0,1422,,
BRD-K34387287,1,0,4,977.0,0.0,,977,,
chelidonine (+),2,0,4,978.0,245.0,733.0,1223,,
BS-181,2,0,4,979.0,462.0,517.0,1441,,
BRD-K88198340,3,0,4,979.3333333333334,582.3826538930873,1002.0,1681,255.0,
erythrosine sodium,1,0,4,980.0,0.0,,980,,
metoprolol tartrate,1,0,4,981.0,0.0,,981,,
levonorgestrel,2,0,4,982.5,219.5,763.0,1202,,
s1003,2,0,4,982.5,43.5,1026.0,939,,
ys-035 hydrochloride,2,0,4,983.5,293.5,690.0,1277,,
BRD-A75301702,2,0,4,984.5,222.5,762.0,1207,,
zk 164015,3,0,4,985.0,614.2903765050098,1037.0,1710,208.0,
ei-155,3,0,4,985.3333333333334,596.4368272406466,1016.0,1700,240.0,
AZ20,2,0,4,985.5,270.5,715.0,1256,,
ncgc00183412-01,2,0,4,986.0,129.0,857.0,1115,,
sb 216641 hydrochloride,1,0,4,986.0,0.0,,986,,
mls-0435555.0001,2,0,4,986.5,110.5,876.0,1097,,
BRD-K97534490,1,0,4,987.0,0.0,,987,,
imodium,2,0,4,987.5,118.5,869.0,1106,,
amcinonide,2,0,4,989.0,408.0,581.0,1397,,
prednisolone,1,0,4,990.0,0.0,,990,,
BRD-K56653679,2,0,4,991.0,242.0,749.0,1233,,
hexylcaine hydrochloride,1,0,4,991.0,0.0,,991,,
rg 108,2,0,4,991.5,214.5,777.0,1206,,
ibrutinib,2,0,4,992.5,308.5,684.0,1301,,
ncgc00188740-01,2,0,4,995.5,228.5,767.0,1224,,
BRD-K83194053,1,0,4,996.0,0.0,,996,,
halometasone,2,0,4,996.5,161.5,835.0,1158,,
BRD-K23673040,2,0,4,998.0,198.0,800.0,1196,,
prednisolone hemisuccinate,1,0,4,998.0,0.0,,998,,
lasalocid sodium,2,0,4,999.5,354.5,645.0,1354,,
BRD-A18725729,2,0,4,1001.0,445.0,556.0,1446,,
bl-076,1,0,4,1001.0,0.0,,1001,,
sib 1757,2,0,4,1001.0,153.0,848.0,1154,,
BRD-K71670746,1,0,4,1002.0,0.0,,1002,,
XMD-1150,2,0,4,1003.5,191.5,812.0,1195,,
ag 18,2,0,4,1004.5,310.5,694.0,1315,,
pik-90,2,0,4,1004.5,339.5,665.0,1344,,
budesonide,2,0,4,1005.5,254.5,751.0,1260,,
hy-10044,2,0,4,1008.0,267.0,741.0,1275,,
CH5424802,2,0,4,1009.0,123.0,886.0,1132,,
hts 10765,1,0,4,1009.0,0.0,,1009,,
BRD-A80960055,1,0,4,1010.0,0.0,,1010,,
CP-724714,1,0,4,1011.0,0.0,,1011,,
mycophenolate mofetil,2,0,4,1011.5,584.5,427.0,1596,,
vu0365114-2,1,0,4,1012.0,0.0,,1012,,
BRD-K00007652,2,0,4,1012.5,304.5,708.0,1317,,
ncgc00183226-01,3,0,4,1013.0,594.5771606780738,1050.0,1722,267.0,
hy-11005,1,0,4,1014.0,0.0,,1014,,
g5797,1,0,4,1015.0,0.0,,1015,,
pifithrin- a hydrobromide,1,0,4,1016.0,0.0,,1016,,
norcyclobenzaprine,1,0,4,1017.0,0.0,,1017,,
"hydrastine (1r, 9s)",1,0,4,1019.0,0.0,,1019,,
ptb1,1,0,4,1021.0,0.0,,1021,,
perphenazine,1,0,4,1023.0,0.0,,1023,,
norethindrone,2,0,4,1023.5,377.5,646.0,1401,,
remacemide hydrochloride,2,0,4,1023.5,156.5,867.0,1180,,
BRD-K92158425,2,0,4,1025.0,238.0,787.0,1263,,
BRD-K93578426,1,0,4,1025.0,0.0,,1025,,
prednicarbate,2,0,4,1027.0,304.0,723.0,1331,,
gant 58,1,0,4,1028.0,0.0,,1028,,
BRD-K05331696,2,0,4,1030.0,235.0,795.0,1265,,
thalidomide,1,0,4,1031.0,0.0,,1031,,
jfd02227,2,0,4,1033.5,549.5,484.0,1583,,
BRD-K74797618,1,0,4,1037.0,0.0,,1037,,
"l-690,330",2,0,4,1037.0,290.0,747.0,1327,,
BRD-K45044657,2,0,4,1037.5,455.5,582.0,1493,,
tc 2559 difumarate,2,0,4,1038.5,308.5,730.0,1347,,
cgp 53353,1,0,4,1040.0,0.0,,1040,,
oxiconazole,1,0,4,1042.0,0.0,,1042,,
pimozide,2,0,4,1042.5,104.5,938.0,1147,,
ncgc00185094-01,1,0,4,1046.0,0.0,,1046,,
betamethasone,2,0,4,1047.5,378.5,669.0,1426,,
probucol,1,0,4,1048.0,0.0,,1048,,
erk inhibitor 11e,2,0,4,1049.5,79.5,970.0,1129,,
BRD-K52446745,1,0,4,1050.0,0.0,,1050,,
emetine hydrochloride,2,0,4,1050.0,205.0,845.0,1255,,
BRD-K06750613,2,0,4,1051.0,271.0,780.0,1322,,
vu0415113-1,1,0,4,1051.0,0.0,,1051,,
testosterone,1,0,4,1052.0,0.0,,1052,,
KIN001-242,1,0,4,1053.0,0.0,,1053,,
ncgc00183691-01,2,0,4,1053.0,315.0,738.0,1368,,
mianserine hydrochloride,1,0,4,1054.0,0.0,,1054,,
KIN001-055,1,0,4,1055.0,0.0,,1055,,
ncgc00242335-01,2,0,4,1055.0,273.0,782.0,1328,,
BRD-K78701355,1,0,4,1056.0,0.0,,1056,,
brazilin,2,0,4,1057.0,151.0,906.0,1208,,
BRD-K82732294,2,0,4,1061.5,148.5,913.0,1210,,
ncgc00182609-01,1,0,4,1062.0,0.0,,1062,,
BRD-K07061353,1,0,4,1064.0,0.0,,1064,,
zolantidine dimaleate,1,0,4,1065.0,0.0,,1065,,
BRD-K73155123,2,0,4,1067.5,123.5,944.0,1191,,
s1011,1,0,4,1070.0,0.0,,1070,,
ei-293,2,0,4,1071.0,85.0,986.0,1156,,
rilmenidine hemifumarate,1,0,4,1071.0,0.0,,1071,,
BRD-K07023879,2,0,4,1075.0,528.0,547.0,1603,,
BRD-K72238567,2,0,4,1075.5,302.5,773.0,1378,,
fluocinonide,2,0,4,1076.0,196.0,880.0,1272,,
nnc 26-9100,1,0,4,1076.0,0.0,,1076,,
BRD-K04923131,2,0,4,1076.5,162.5,914.0,1239,,
ncgc00182362-01,2,0,4,1079.0,266.0,813.0,1345,,
linsitinib,2,0,4,1080.0,215.0,865.0,1295,,
finasteride,2,0,4,1080.5,294.5,786.0,1375,,
BRD-K53592093,1,0,4,1081.0,0.0,,1081,,
ethisterone,2,0,4,1081.5,278.5,803.0,1360,,
BRD-K62310379 (fluticasone propionate),1,0,4,1083.0,0.0,,1083,,
BRD-K77681376,2,0,4,1083.5,71.5,1012.0,1155,,
ncgc00183244-01,1,0,4,1084.0,0.0,,1084,,
stock1s-53863,2,0,4,1084.5,478.5,606.0,1563,,
ver155008,2,0,4,1085.0,281.0,804.0,1366,,
mls-0391006,1,0,4,1087.0,0.0,,1087,,
BRD-K13810148,2,0,4,1088.5,332.5,756.0,1421,,
BRD-K19410523,1,0,4,1089.0,0.0,,1089,,
epirubicin hydrochloride,2,0,4,1089.5,146.5,943.0,1236,,
terfenadine,1,0,4,1090.0,0.0,,1090,,
tropisetron hcl,2,0,4,1090.0,362.0,728.0,1452,,
BRD-K79619196,1,0,4,1091.0,0.0,,1091,,
BRD-K28610502,2,0,4,1093.0,350.0,743.0,1443,,
ncgc00241726-01,2,0,4,1093.0,284.0,809.0,1377,,
BRD-U33728988,2,0,4,1093.5,362.5,731.0,1456,,
dibutyrylcyclic amp,2,0,4,1094.0,370.0,724.0,1464,,
niguldipine hydrochloride,2,0,4,1095.5,316.5,779.0,1412,,
ncgc00182382-01,1,0,4,1096.0,0.0,,1096,,
BRD-A25170757,2,0,4,1098.0,284.0,814.0,1382,,
ncgc00242267-03,2,0,4,1098.0,557.0,541.0,1655,,
azasetron,1,0,4,1099.0,0.0,,1099,,
BRD-K42644990,1,0,4,1104.0,0.0,,1104,,
mls-0437633.0003,1,0,4,1107.0,0.0,,1107,,
BRD-K68174511,2,0,4,1108.0,324.0,784.0,1432,,
BRD-A83802330,1,0,4,1111.0,0.0,,1111,,
isoliquiritigenin,1,0,4,1112.0,0.0,,1112,,
BRD-K15716662,1,0,4,1114.0,0.0,,1114,,
aminopurvalanol a,2,0,4,1114.5,143.5,971.0,1258,,
strophanthidin,2,0,4,1115.5,208.5,907.0,1324,,
penicillin g potassium,1,0,4,1117.0,0.0,,1117,,
tpca-1,2,0,4,1117.0,217.0,900.0,1334,,
norethynodrel,2,0,4,1118.0,266.0,852.0,1384,,
BRD-K26818574,1,0,4,1119.0,0.0,,1119,,
4-demethoxydaunorubicin hydrochloride (65),2,0,4,1121.5,180.5,941.0,1302,,
BRD-A25337146,2,0,4,1122.5,292.5,830.0,1415,,
"stat3 inhibitor vi, s31-201",1,0,4,1123.0,0.0,,1123,,
rk-682,1,0,4,1124.0,0.0,,1124,,
BRD-K42687792,1,0,4,1125.0,0.0,,1125,,
ncgc00185090-03,2,0,4,1125.5,323.5,802.0,1449,,
ncgc00182380-01,1,0,4,1131.0,0.0,,1131,,
pd 407824,2,0,4,1133.5,296.5,837.0,1430,,
BRD-K53780220,1,0,4,1134.0,0.0,,1134,,
BRD-K94991378,1,0,4,1136.0,0.0,,1136,,
jak3 inhibitor i,2,0,4,1136.0,437.0,699.0,1573,,
BRD-K06765193,2,0,4,1137.5,155.5,982.0,1293,,
cilnidipine,1,0,4,1138.0,0.0,,1138,,
delta1-hydrocortisone 21-hemisuccinate,2,0,4,1138.5,341.5,797.0,1480,,
BRD-K69406317,1,0,4,1139.0,0.0,,1139,,
BRD-K11757396,1,0,4,1140.0,0.0,,1140,,
ttnpb,2,0,4,1142.5,296.5,846.0,1439,,
BRD-K80348542,2,0,4,1143.5,259.5,884.0,1403,,
pp3,1,0,4,1144.0,0.0,,1144,,
loteprednol,2,0,4,1145.0,275.0,870.0,1420,,
XMD11-85H,2,0,4,1146.0,592.0,554.0,1738,,
BRD-K72381041,2,0,4,1146.5,253.5,893.0,1400,,
medrysone,2,0,4,1147.0,397.0,750.0,1544,,
emetine dihydrochloride hydrate (74),2,0,4,1147.5,399.5,748.0,1547,,
ossk 645683,1,0,4,1149.0,0.0,,1149,,
BRD-K39829853,2,0,4,1151.5,429.5,722.0,1581,,
clopidogrel,1,0,4,1153.0,0.0,,1153,,
pyrvinium pamoate,2,0,4,1154.0,159.0,995.0,1313,,
ribavirin,2,0,4,1157.0,235.0,922.0,1392,,
beclomethasone dipropionate,1,0,4,1159.0,0.0,,1159,,
hy-10992,2,0,4,1161.0,228.0,933.0,1389,,
ABT-737,1,0,4,1162.0,0.0,,1162,,
hy-10459,1,0,4,1163.0,0.0,,1163,,
BRD-K49094915,1,0,4,1164.0,0.0,,1164,,
SYK-inhibitor,2,0,4,1164.5,349.5,815.0,1514,,
BRD-K51443908,1,0,4,1166.0,0.0,,1166,,
BRD-K85818861,2,0,4,1167.5,382.5,785.0,1550,,
dibenzyline,1,0,4,1168.0,0.0,,1168,,
parbendazole,2,0,4,1169.5,376.5,793.0,1546,,
BRD-K04534322,1,0,4,1174.0,0.0,,1174,,
altrenogest,2,0,4,1176.0,359.0,817.0,1535,,
jas07 007,1,0,4,1177.0,0.0,,1177,,
2-chloroadenosine,1,0,4,1178.0,0.0,,1178,,
kuc104488 kuc104488n,2,0,4,1178.5,246.5,932.0,1425,,
PFI-1,2,0,4,1179.5,215.5,964.0,1395,,
pyrrolidinedithiocarbamate ammonium,1,0,4,1181.0,0.0,,1181,,
morantel tartrate,2,0,4,1181.5,253.5,928.0,1435,,
itraconazole,1,0,4,1182.0,0.0,,1182,,
kuc103885 kuc103885n,2,0,4,1182.0,303.0,879.0,1485,,
BRD-K59470558,2,0,4,1182.5,322.5,860.0,1505,,
BRD-K41925105,1,0,4,1183.0,0.0,,1183,,
BRD-K60772276,1,0,4,1184.0,0.0,,1184,,
mdl 72222,1,0,4,1185.0,0.0,,1185,,
chlorambucil,2,0,4,1185.5,300.5,885.0,1486,,
hli 373,2,0,4,1185.5,166.5,1019.0,1352,,
triciribine,2,0,4,1185.5,256.5,929.0,1442,,
BRD-K96621343,1,0,4,1186.0,0.0,,1186,,
BRD-K59962020,1,0,4,1187.0,0.0,,1187,,
BRD-A27640568,2,0,4,1188.0,294.0,894.0,1482,,
BRD-K50234570,2,0,4,1188.0,252.0,936.0,1440,,
norgestrel,1,0,4,1192.0,0.0,,1192,,
methylandrostenediol,2,0,4,1192.5,310.5,882.0,1503,,
19-norethindrone,1,0,4,1194.0,0.0,,1194,,
k784-3188,2,0,4,1194.0,234.0,960.0,1428,,
BRD-K19220233,2,0,4,1195.0,294.0,901.0,1489,,
triamcinolone,2,0,4,1197.0,372.0,825.0,1569,,
BRD-K49865102,2,0,4,1197.5,390.5,807.0,1588,,
elesclomol,2,0,4,1198.5,375.5,823.0,1574,,
s1175,2,0,4,1198.5,289.5,909.0,1488,,
pf3845,1,0,4,1199.0,0.0,,1199,,
clobetasol,2,0,4,1200.0,447.0,753.0,1647,,
"l-ornithine, n5-[imino(methylamino)methyl]-[cas]",1,0,4,1201.0,0.0,,1201,,
BRD-U00779237,2,0,4,1202.0,285.0,917.0,1487,,
c8273,2,0,4,1202.0,358.0,844.0,1560,,
s2004,2,0,4,1203.5,353.5,850.0,1557,,
hy-11068,1,0,4,1204.0,0.0,,1204,,
gw 583340 dihydrochloride,1,0,4,1205.0,0.0,,1205,,
BRD-K02113016,2,0,4,1206.5,285.5,921.0,1492,,
BRD-K56111351,2,0,4,1207.5,334.5,873.0,1542,,
BRD-K91134378,2,0,4,1207.5,318.5,889.0,1526,,
BRD-K91836367,1,0,4,1209.0,0.0,,1209,,
SB-216763,2,0,4,1211.5,436.5,775.0,1648,,
km03472sc,1,0,4,1212.0,0.0,,1212,,
BRD-A11702965,2,0,4,1212.5,277.5,935.0,1490,,
am580,1,0,4,1214.0,0.0,,1214,,
BRD-K00627859,1,0,4,1217.0,0.0,,1217,,
arg-a1-22 brd-k91349888,1,0,4,1218.0,0.0,,1218,,
tl hras24 brd-k93060291,1,0,4,1219.0,0.0,,1219,,
BRD-A80574334,1,0,4,1220.0,0.0,,1220,,
BRD-K65955264,2,0,4,1220.0,359.0,861.0,1579,,
bibu 1361 dihydrochloride,2,0,4,1220.0,171.0,1049.0,1391,,
BRD-A49848186,2,0,4,1221.5,423.5,798.0,1645,,
corticosterone,2,0,4,1221.5,463.5,758.0,1685,,
phenolphthalein,1,0,4,1225.0,0.0,,1225,,
VE821,1,0,4,1226.0,0.0,,1226,,
BRD-K77830450 (forskolin),1,0,4,1228.0,0.0,,1228,,
ag 9,1,0,4,1229.0,0.0,,1229,,
lanatoside c,2,0,4,1229.0,240.0,989.0,1469,,
cgp 57380,1,0,4,1232.0,0.0,,1232,,
tgx-115,2,0,4,1235.0,232.0,1003.0,1467,,
BRD-K10114046,2,0,4,1236.5,373.5,863.0,1610,,
BRD-K27169919,1,0,4,1238.0,0.0,,1238,,
BRD-K73125384,1,0,4,1241.0,0.0,,1241,,
blebbistatin,1,0,4,1244.0,0.0,,1244,,
yc-1,1,0,4,1245.0,0.0,,1245,,
BRD-K24031526,2,0,4,1246.0,450.0,796.0,1696,,
mesoridazine besylate,1,0,4,1251.0,0.0,,1251,,
hydrocortisone hemisuccinate,1,0,4,1254.0,0.0,,1254,,
s1104,2,0,4,1254.0,317.0,937.0,1571,,
BRD-A93393712,1,0,4,1257.0,0.0,,1257,,
KIN001-220,2,0,4,1258.0,262.0,996.0,1520,,
BRD-K10846167,2,0,4,1258.5,333.5,925.0,1592,,
mls-0226420,1,0,4,1259.0,0.0,,1259,,
gw 3965 hydrochloride,1,0,4,1261.0,0.0,,1261,,
pd 198306,2,0,4,1261.0,330.0,931.0,1591,,
s1042,2,0,4,1261.0,357.0,904.0,1618,,
itavastatin ca,2,0,4,1263.0,269.0,994.0,1532,,
bms-754807,2,0,4,1264.5,409.5,855.0,1674,,
"nf-kb activation inhibitor ii, jsh-23",2,0,4,1264.5,354.5,910.0,1619,,
BRD-K41845021,2,0,4,1266.5,327.5,939.0,1594,,
vu0365121-1,1,0,4,1267.0,0.0,,1267,,
I-BET,2,0,4,1267.5,341.5,926.0,1609,,
BRD-K11611839,1,0,4,1273.0,0.0,,1273,,
BRD-K80346834,2,0,4,1273.0,260.0,1013.0,1533,,
rho kinase inhibitor iii [rockout],2,0,4,1273.0,358.0,915.0,1631,,
BRD-K71554540,1,0,4,1276.0,0.0,,1276,,
BRD-K96704648,2,0,4,1276.0,329.0,947.0,1605,,
BRD-U44618005,1,0,4,1278.0,0.0,,1278,,
BRD-A18411371,2,0,4,1281.5,261.5,1020.0,1543,,
BRD-A11087911,2,0,4,1282.0,330.0,952.0,1612,,
halcinonide,2,0,4,1283.5,255.5,1028.0,1539,,
JW55,1,0,4,1285.0,0.0,,1285,,
h 89 dihydrochloride,1,0,4,1286.0,0.0,,1286,,
s1152,2,0,4,1290.5,286.5,1004.0,1577,,
irbesartan,1,0,4,1292.0,0.0,,1292,,
BRD-K53932786,1,0,4,1294.0,0.0,,1294,,
ncgc00183255-01,2,0,4,1296.0,393.0,903.0,1689,,
(+)-JQ1,2,0,4,1297.0,279.0,1018.0,1576,,
BRD-U51951544,1,0,4,1297.0,0.0,,1297,,
ei-335,1,0,4,1298.0,0.0,,1298,,
desoxymetasone,1,0,4,1300.0,0.0,,1300,,
s1170,2,0,4,1300.5,283.5,1017.0,1584,,
ketanserin tartrate hydrate,2,0,4,1301.0,329.0,972.0,1630,,
s1176,1,0,4,1303.0,0.0,,1303,,
s1216,2,0,4,1303.0,322.0,981.0,1625,,
gitoxigenin,2,0,4,1303.5,310.5,993.0,1614,,
homosalate,2,0,4,1304.0,450.0,854.0,1754,,
s1154,1,0,4,1304.0,0.0,,1304,,
aminolevulinic acid,1,0,4,1305.0,0.0,,1305,,
BRD-K72451865,1,0,4,1306.0,0.0,,1306,,
BRD-K52080565,2,0,4,1311.0,392.0,919.0,1703,,
n-chlorophenyl-n-hexylpiperazine,1,0,4,1312.0,0.0,,1312,,
thiocolchicoside,2,0,4,1312.5,337.5,975.0,1650,,
amoxicillin crystalline,1,0,4,1314.0,0.0,,1314,,
ncgc00165289-01,2,0,4,1314.0,290.0,1024.0,1604,,
BRD-K81473043,2,0,4,1315.5,283.5,1032.0,1599,,
oxindole i,1,0,4,1316.0,0.0,,1316,,
nitazoxanide,2,0,4,1316.5,382.5,934.0,1699,,
thioguanosine,2,0,4,1316.5,392.5,924.0,1709,,
BRD-U68942961,1,0,4,1319.0,0.0,,1319,,
vu0415556-1,1,0,4,1320.0,0.0,,1320,,
pkcbeta inhibitor,2,0,4,1321.0,341.0,980.0,1662,,
unc0321,1,0,4,1321.0,0.0,,1321,,
thiostrepton,2,0,4,1322.0,311.0,1011.0,1633,,
CHIR-99021,2,0,4,1322.5,275.5,1047.0,1598,,
BRD-K86231656,2,0,4,1323.0,347.0,976.0,1670,,
s1475,2,0,4,1326.5,380.5,946.0,1707,,
BRD-K98824517,2,0,4,1327.5,397.5,930.0,1725,,
methiothepin maleate,2,0,4,1327.5,337.5,990.0,1665,,
ei-263,2,0,4,1328.0,366.0,962.0,1694,,
BRD-K94841585,2,0,4,1328.5,327.5,1001.0,1656,,
colforsin,1,0,4,1329.0,0.0,,1329,,
BRD-K56343971,2,0,4,1331.5,304.5,1027.0,1636,,
BRD-K89692698,1,0,4,1332.0,0.0,,1332,,
pioglitazone hydrochloride,1,0,4,1333.0,0.0,,1333,,
BRD-K11362964,2,0,4,1334.0,349.0,985.0,1683,,
ei-332,2,0,4,1334.5,334.5,1000.0,1669,,
dapt,2,0,4,1335.0,338.0,997.0,1673,,
BRD-K56515112 (medrysone),1,0,4,1336.0,0.0,,1336,,
naproxol,2,0,4,1339.0,351.0,988.0,1690,,
pd 160170,1,0,4,1339.0,0.0,,1339,,
BRD-K91701654,2,0,4,1341.5,318.5,1023.0,1660,,
tridihexethyl chloride,1,0,4,1342.0,0.0,,1342,,
tyrphostin-AG-1478,1,0,4,1343.0,0.0,,1343,,
axon1408,1,0,4,1346.0,0.0,,1346,,
carbazol-9-yl-p-tolyl-methanone,2,0,4,1348.5,295.5,1053.0,1644,,
ic 261,1,0,4,1349.0,0.0,,1349,,
BRD-K85853281,2,0,4,1350.0,345.0,1005.0,1695,,
ikk inhibitor x,2,0,4,1350.5,335.5,1015.0,1686,,
triptolide,2,0,4,1350.5,316.5,1034.0,1667,,
BRD-K87343924 (wortmannin),1,0,4,1351.0,0.0,,1351,,
racepinephrine hcl,2,0,4,1353.0,376.0,977.0,1729,,
BRD-K68191783,1,0,4,1358.0,0.0,,1358,,
BRD-K66254772,2,0,4,1361.0,347.0,1014.0,1708,,
cyt997,1,0,4,1361.0,0.0,,1361,,
BRD-K71142328,1,0,4,1362.0,0.0,,1362,,
BRD-K85318537 (obaa),2,0,4,1363.0,334.0,1029.0,1697,,
quercetin,1,0,4,1364.0,0.0,,1364,,
fk 888,2,0,4,1365.0,340.0,1025.0,1705,,
vinorelbine,2,0,4,1366.5,325.5,1041.0,1692,,
ncgc00167097-01,1,0,4,1367.0,0.0,,1367,,
nafronyl oxalate,1,0,4,1370.0,0.0,,1370,,
BRD-K00486725,1,0,4,1372.0,0.0,,1372,,
hycanthone,2,0,4,1373.0,351.0,1022.0,1724,,
methylprednisolone,1,0,4,1373.0,0.0,,1373,,
benzethonium chloride,1,0,4,1374.0,0.0,,1374,,
kuc104495 kuc104495n,2,0,4,1376.5,334.5,1042.0,1711,,
BRD-U86222656,2,0,4,1377.0,344.0,1033.0,1721,,
BRD-K92301463,1,0,4,1379.0,0.0,,1379,,
s1364,1,0,4,1381.0,0.0,,1381,,
dc-45-a2,2,0,4,1381.5,341.5,1040.0,1723,,
t5247673,2,0,4,1383.0,353.0,1030.0,1736,,
citalopram hydrobromide,1,0,4,1386.0,0.0,,1386,,
e933505,1,0,4,1388.0,0.0,,1388,,
linolenic acid (18:3 n-3),2,0,4,1388.0,353.0,1035.0,1741,,
vesamicol,2,0,4,1389.5,353.5,1036.0,1743,,
ch 55,1,0,4,1393.0,0.0,,1393,,
depo-medrol,1,0,4,1394.0,0.0,,1394,,
tremulacin,2,0,4,1394.5,356.5,1038.0,1751,,
l-sulforophane,1,0,4,1396.0,0.0,,1396,,
u0126,2,0,4,1400.0,348.0,1052.0,1748,,
as605240,2,0,4,1401.0,355.0,1046.0,1756,,
ki 8751,1,0,4,1402.0,0.0,,1402,,
pentobarbital,1,0,4,1404.0,0.0,,1404,,
antimycin a,1,0,4,1405.0,0.0,,1405,,
uzi/1930680,1,0,4,1406.0,0.0,,1406,,
mek1/2 inhibitor,2,0,4,1406.5,358.5,1048.0,1765,,
ibudilast,1,0,4,1407.0,0.0,,1407,,
gw 7647,2,0,4,1410.0,356.0,1054.0,1766,,
etomidate,1,0,4,1413.0,0.0,,1413,,
CP466722,1,0,4,1414.0,0.0,,1414,,
amg 9810,1,0,4,1417.0,0.0,,1417,,
BRD-K77480336,1,0,4,1418.0,0.0,,1418,,
amiloride hydrochloride dihydrate,1,0,4,1419.0,0.0,,1419,,
floxuridine,1,0,4,1423.0,0.0,,1423,,
BRD-K15916856,1,0,4,1431.0,0.0,,1431,,
UNC0638,1,0,4,1445.0,0.0,,1445,,
BRD-K28100108,1,0,4,1447.0,0.0,,1447,,
ethacrynic acid,1,0,4,1451.0,0.0,,1451,,
BRD-K60297835,1,0,4,1453.0,0.0,,1453,,
BRD-K22631935,1,0,4,1454.0,0.0,,1454,,
tipifarnib-p2,1,0,4,1455.0,0.0,,1455,,
ncgc00182390-01,1,0,4,1457.0,0.0,,1457,,
azacyclonol,1,0,4,1460.0,0.0,,1460,,
BRD-K83213280,1,0,4,1463.0,0.0,,1463,,
BRD-K83336168,1,0,4,1466.0,0.0,,1466,,
vu0365117-1,1,0,4,1472.0,0.0,,1472,,
vindesine,1,0,4,1473.0,0.0,,1473,,
t 98475,1,0,4,1474.0,0.0,,1474,,
butein,1,0,4,1476.0,0.0,,1476,,
jak3 inhibitor v,1,0,4,1477.0,0.0,,1477,,
BRD-K58479490,1,0,4,1478.0,0.0,,1478,,
garcinol,1,0,4,1479.0,0.0,,1479,,
BRD-K57457519,1,0,4,1481.0,0.0,,1481,,
BRD-K88278225,1,0,4,1491.0,0.0,,1491,,
BRD-K84450674,1,0,4,1494.0,0.0,,1494,,
bulleyaconitine a,1,0,4,1498.0,0.0,,1498,,
amodiaquin dihydrochloride dihydrate,1,0,4,1499.0,0.0,,1499,,
pd 158780,1,0,4,1500.0,0.0,,1500,,
ru 24969,1,0,4,1501.0,0.0,,1501,,
r406,1,0,4,1502.0,0.0,,1502,,
dihomo-gamma-linolenic acid,1,0,4,1504.0,0.0,,1504,,
"ici 192,605",1,0,4,1506.0,0.0,,1506,,
BRD-K49861754,1,0,4,1507.0,0.0,,1507,,
BRD-K42489623,1,0,4,1508.0,0.0,,1508,,
BRD-K15519488,1,0,4,1509.0,0.0,,1509,,
rosiglitazone hydrochloride,1,0,4,1510.0,0.0,,1510,,
FR-180204,1,0,4,1511.0,0.0,,1511,,
h-8,1,0,4,1512.0,0.0,,1512,,
BRD-K20168484,1,0,4,1513.0,0.0,,1513,,
hy-11004,1,0,4,1515.0,0.0,,1515,,
1391-0741,1,0,4,1516.0,0.0,,1516,,
BRD-K51556300,1,0,4,1517.0,0.0,,1517,,
BRD-K61776140,1,0,4,1519.0,0.0,,1519,,
coumarin,1,0,4,1521.0,0.0,,1521,,
isorotenone,1,0,4,1522.0,0.0,,1522,,
ly 320135,1,0,4,1523.0,0.0,,1523,,
BRD-K25731886,1,0,4,1525.0,0.0,,1525,,
BRD-K58853583,1,0,4,1527.0,0.0,,1527,,
BRD-A81541225,1,0,4,1528.0,0.0,,1528,,
"l-168,049",1,0,4,1529.0,0.0,,1529,,
BRD-A16820783,1,0,4,1530.0,0.0,,1530,,
kb-r7943 mesylate,1,0,4,1531.0,0.0,,1531,,
BRD-K02558072,1,0,4,1534.0,0.0,,1534,,
BRD-K57309821,1,0,4,1536.0,0.0,,1536,,
pronethalol hydrochloride,1,0,4,1538.0,0.0,,1538,,
isotretinoin,1,0,4,1540.0,0.0,,1540,,
pt-630,1,0,4,1541.0,0.0,,1541,,
benzopurpurin (b),1,0,4,1545.0,0.0,,1545,,
BX-795,1,0,4,1548.0,0.0,,1548,,
w-9 hydrochloride,1,0,4,1554.0,0.0,,1554,,
BRD-K74155249,1,0,4,1555.0,0.0,,1555,,
rifampicin,1,0,4,1558.0,0.0,,1558,,
estradiol benzoate,1,0,4,1559.0,0.0,,1559,,
pp-30,1,0,4,1561.0,0.0,,1561,,
"l-750,667",1,0,4,1562.0,0.0,,1562,,
ncgc00167094-01,1,0,4,1565.0,0.0,,1565,,
losartan potassium,1,0,4,1566.0,0.0,,1566,,
BRD-K95760042,1,0,4,1567.0,0.0,,1567,,
bl-095,1,0,4,1570.0,0.0,,1570,,
prednisolone acetate,1,0,4,1572.0,0.0,,1572,,
BRD-K07403598,1,0,4,1580.0,0.0,,1580,,
pq 401,1,0,4,1582.0,0.0,,1582,,
BRD-K76357752,1,0,4,1585.0,0.0,,1585,,
16beta-bromoandrosterone,1,0,4,1586.0,0.0,,1586,,
BRD-K34508425,1,0,4,1593.0,0.0,,1593,,
BRD-K59705555,1,0,4,1595.0,0.0,,1595,,
raltitrexed,1,0,4,1597.0,0.0,,1597,,
mls-0315871.0001,1,0,4,1601.0,0.0,,1601,,
BRD-K55827386,1,0,4,1602.0,0.0,,1602,,
a2478,1,0,4,1606.0,0.0,,1606,,
BRD-K74623475,1,0,4,1607.0,0.0,,1607,,
BRD-K35638681,1,0,4,1608.0,0.0,,1608,,
ncgc00165208-01,1,0,4,1611.0,0.0,,1611,,
v2264,1,0,4,1615.0,0.0,,1615,,
naringenine,1,0,4,1616.0,0.0,,1616,,
piceatannol,1,0,4,1620.0,0.0,,1620,,
purmorphamine,1,0,4,1621.0,0.0,,1621,,
BIX-02189,1,0,4,1622.0,0.0,,1622,,
cjd-pla-49-3,1,0,4,1623.0,0.0,,1623,,
hy-10966,1,0,4,1624.0,0.0,,1624,,
way 213613,1,0,4,1626.0,0.0,,1626,,
bl-081,1,0,4,1627.0,0.0,,1627,,
BRD-A25088322,1,0,4,1628.0,0.0,,1628,,
resveratrol,1,0,4,1632.0,0.0,,1632,,
BRD-K11795542,1,0,4,1634.0,0.0,,1634,,
beclomethasone,1,0,4,1637.0,0.0,,1637,,
s1173,1,0,4,1638.0,0.0,,1638,,
ncgc00182357-01,1,0,4,1639.0,0.0,,1639,,
BRD-K42629487,1,0,4,1640.0,0.0,,1640,,
ei-346,1,0,4,1642.0,0.0,,1642,,
celecoxib,1,0,4,1649.0,0.0,,1649,,
prima-1 met,1,0,4,1651.0,0.0,,1651,,
flufenamic acid,1,0,4,1653.0,0.0,,1653,,
BRD-K60895275,1,0,4,1654.0,0.0,,1654,,
olomoucine,1,0,4,1657.0,0.0,,1657,,
ncgc00242340-01,1,0,4,1658.0,0.0,,1658,,
mammea a/ba + a/bb,1,0,4,1661.0,0.0,,1661,,
ncgc00181736-02,1,0,4,1663.0,0.0,,1663,,
mercaptopurine,1,0,4,1664.0,0.0,,1664,,
BRD-A30395175,1,0,4,1666.0,0.0,,1666,,
capsazepine,1,0,4,1668.0,0.0,,1668,,
s6005,1,0,4,1671.0,0.0,,1671,,
BRD-K44241590,1,0,4,1672.0,0.0,,1672,,
triclosan,1,0,4,1675.0,0.0,,1675,,
propyl-beta-carboline-3-carboxylate,1,0,4,1676.0,0.0,,1676,,
topotecan hcl,1,0,4,1677.0,0.0,,1677,,
flavokawain b,1,0,4,1678.0,0.0,,1678,,
BRD-K09485525,1,0,4,1680.0,0.0,,1680,,
BRD-K79404599,1,0,4,1682.0,0.0,,1682,,
BRD-K29622226,1,0,4,1684.0,0.0,,1684,,
ho-013,1,0,4,1688.0,0.0,,1688,,
6-azauridine,1,0,4,1691.0,0.0,,1691,,
BRD-K24051260,1,0,4,1698.0,0.0,,1698,,
BRD-K42021584,1,0,4,1701.0,0.0,,1701,,
triamcinolone diacetate,1,0,4,1702.0,0.0,,1702,,
BRD-A10330754,1,0,4,1704.0,0.0,,1704,,
BRD-K34968258,1,0,4,1706.0,0.0,,1706,,
u-0126,1,0,4,1712.0,0.0,,1712,,
bw-b 70c,1,0,4,1713.0,0.0,,1713,,
decitabine,1,0,4,1714.0,0.0,,1714,,
"2,5-dideoxyadenosine",1,0,4,1715.0,0.0,,1715,,
trazodone hydrochloride,1,0,4,1716.0,0.0,,1716,,
s(-)-timolol,1,0,4,1717.0,0.0,,1717,,
BRD-K55127335,1,0,4,1719.0,0.0,,1719,,
ipratropium bromide,1,0,4,1720.0,0.0,,1720,,
methotrexate,1,0,4,1726.0,0.0,,1726,,
masitinib,1,0,4,1727.0,0.0,,1727,,
moban,1,0,4,1730.0,0.0,,1730,,
BRD-K03176945,1,0,4,1731.0,0.0,,1731,,
carbamazepine,1,0,4,1732.0,0.0,,1732,,
SB-525334,1,0,4,1733.0,0.0,,1733,,
d-64131,1,0,4,1734.0,0.0,,1734,,
daminozide,1,0,4,1735.0,0.0,,1735,,
naltrexone hydrochloride,1,0,4,1737.0,0.0,,1737,,
serdemetan,1,0,4,1739.0,0.0,,1739,,
tpl2,1,0,4,1740.0,0.0,,1740,,
vincristine,1,0,4,1742.0,0.0,,1742,,
SB-203580,1,0,4,1744.0,0.0,,1744,,
WZ-7043,1,0,4,1745.0,0.0,,1745,,
12k-613s,1,0,4,1746.0,0.0,,1746,,
ncgc00182327-02,1,0,4,1747.0,0.0,,1747,,
BRD-K24861700,1,0,4,1749.0,0.0,,1749,,
BRD-K52911425,1,0,4,1752.0,0.0,,1752,,
yk 4-279,1,0,4,1753.0,0.0,,1753,,
hy-70061,1,0,4,1755.0,0.0,,1755,,
ranitidine,1,0,4,1757.0,0.0,,1757,,
XMD-892,1,0,4,1758.0,0.0,,1758,,
KIN236,1,0,4,1759.0,0.0,,1759,,
fu jmbii113b,1,0,4,1760.0,0.0,,1760,,
BRD-K01806521,1,0,4,1761.0,0.0,,1761,,
NVP-BGJ398,1,0,4,1762.0,0.0,,1762,,
fu jmbii105b,1,0,4,1763.0,0.0,,1763,,
BRD-K81441552,1,0,4,1764.0,0.0,,1764,,
piroxicam,1,0,4,1767.0,0.0,,1767,,
